212,Hastings Tract East,Sacramento Valley,152,0.45, ,0.0, ,530, ,1.4,2020-06-01,00:00,74.66, , ,48.0, ,12.1, ,3.9, ,228, ,18.3, 
212,Hastings Tract East,Sacramento Valley,152,0.33, ,0.0, ,379, ,1.4,2020-06-01,01:00,74.12, , ,49.0, ,12.0, ,3.5, ,226, ,18.5, 
212,Hastings Tract East,Sacramento Valley,152,0.28, ,0.0, ,305, ,1.4,2020-06-01,02:00,72.68, , ,50.0, ,11.8, ,4.0, ,237, ,18.6, 
212,Hastings Tract East,Sacramento Valley,152,0.08, ,0.0, ,56, ,1.4,2020-06-01,03:00,68.54, , ,58.0, ,11.9, ,3.9, ,248, ,18.7, 
212,Hastings Tract East,Sacramento Valley,152,0.02, ,0.0, ,4, ,1.4,2020-06-01,04:00,63.86, , ,68.0, ,11.7, ,4.1, ,242, ,18.8, 
212,Hastings Tract East,Sacramento Valley,152,0.01, ,0.0, ,0, ,1.3,2020-06-01,05:00,61.519999999999996, , ,70.0, ,11.0, ,4.0, ,234, ,18.7, 
212,Hastings Tract East,Sacramento Valley,152,0.01, ,0.0, ,0, ,1.3,2020-06-01,06:00,60.980000000000004, , ,71.0, ,10.9, ,3.3, ,229, ,18.6, 
212,Hastings Tract East,Sacramento Valley,152,0.01, ,0.0, ,0, ,1.3,2020-06-01,07:00,61.16, , ,71.0, ,10.9, ,4.1, ,234, ,18.5, 
212,Hastings Tract East,Sacramento Valley,152,0.01, ,0.0, ,0, ,1.3,2020-06-01,08:00,60.440000000000005, , ,74.0, ,11.2, ,4.5, ,238, ,18.3, 
212,Hastings Tract East,Sacramento Valley,153,0.02, ,0.0, ,0, ,1.4,2020-06-01,09:00,59.9, , ,77.0, ,11.6, ,4.2, ,240, ,18.1, 
212,Hastings Tract East,Sacramento Valley,153,0.03, ,0.0, ,0, ,1.4,2020-06-01,10:00,59.540000000000006, , ,78.0, ,11.6, ,4.5, ,235, ,17.9, 
212,Hastings Tract East,Sacramento Valley,153,0.03, ,0.0, ,0, ,1.4,2020-06-01,11:00,59.540000000000006, , ,78.0, ,11.5, ,4.6, ,231, ,17.8, 
212,Hastings Tract East,Sacramento Valley,153,0.03, ,0.0, ,0, ,1.4,2020-06-01,12:00,59.36, , ,78.0, ,11.4, ,4.6, ,229, ,17.6, 
212,Hastings Tract East,Sacramento Valley,153,0.02, ,0.0, ,0, ,1.4,2020-06-01,13:00,59.0, , ,80.0, ,11.5, ,4.5, ,235, ,17.5, 
212,Hastings Tract East,Sacramento Valley,153,0.03, ,0.0, ,25, ,1.4,2020-06-01,14:00,58.459999999999994, , ,81.0, ,11.5, ,4.1, ,240, ,17.4, 
212,Hastings Tract East,Sacramento Valley,153,0.12, ,0.0, ,137, ,1.4,2020-06-01,15:00,60.440000000000005, , ,77.0, ,11.7, ,3.6, ,229, ,17.2, 
212,Hastings Tract East,Sacramento Valley,153,0.26, ,0.0, ,378, ,1.4,2020-06-01,16:00,63.86, , ,69.0, ,12.0, ,3.5, ,234, ,17.1, 
212,Hastings Tract East,Sacramento Valley,153,0.51, ,0.0, ,733, ,1.4,2020-06-01,17:00,68.0, , ,61.0, ,12.3, ,4.4, ,239, ,17.1, 
212,Hastings Tract East,Sacramento Valley,153,0.59, ,0.0, ,814, ,1.4,2020-06-01,18:00,71.24000000000001, , ,55.0, ,12.3, ,3.7, ,239, ,17.1, 
212,Hastings Tract East,Sacramento Valley,153,0.67, ,0.0, ,906, ,1.4,2020-06-01,19:00,74.48, , ,48.0, ,11.8, ,3.0, ,252, ,17.1, 
212,Hastings Tract East,Sacramento Valley,153,0.73, ,0.0, ,964, ,1.3,2020-06-01,20:00,77.36, , ,42.0, ,11.3, ,2.6, ,239, ,17.3, 
212,Hastings Tract East,Sacramento Valley,153,0.74, ,0.0, ,968, ,1.2,2020-06-01,21:00,80.06, , ,35.0, ,10.2, ,2.0, ,266, ,17.5, 
212,Hastings Tract East,Sacramento Valley,153,0.71, ,0.0, ,924, ,1.2,2020-06-01,22:00,82.94, , ,30.0, ,9.1, ,1.8, ,302, ,17.7, 
212,Hastings Tract East,Sacramento Valley,153,0.65, ,0.0, ,807, ,1.2,2020-06-01,23:00,85.1, , ,29.0, ,9.7, ,1.8, ,332, ,18.1, 
212,Hastings Tract East,Sacramento Valley,153,0.53, ,0.0, ,691, ,1.2,2020-06-02,00:00,85.46000000000001, , ,29.0, ,9.9, ,1.8, ,302, ,18.6, 
212,Hastings Tract East,Sacramento Valley,153,0.38, ,0.0, ,446, ,1.2,2020-06-02,01:00,84.74, , ,30.0, ,9.9, ,1.7, ,248, ,19.0, 
212,Hastings Tract East,Sacramento Valley,153,0.32, ,0.0, ,334, ,1.4,2020-06-02,02:00,82.4, , ,36.0, ,11.5, ,3.4, ,238, ,19.3, 
212,Hastings Tract East,Sacramento Valley,153,0.11, ,0.0, ,103, ,1.4,2020-06-02,03:00,76.82, , ,46.0, ,12.3, ,3.8, ,243, ,19.6, 
212,Hastings Tract East,Sacramento Valley,153,0.03, ,0.0, ,8, ,1.4,2020-06-02,04:00,70.52, , ,56.0, ,12.1, ,3.3, ,238, ,19.7, 
212,Hastings Tract East,Sacramento Valley,153,0.02, ,0.0, ,0, ,1.4,2020-06-02,05:00,67.64, , ,59.0, ,11.6, ,3.6, ,231, ,19.7, 
212,Hastings Tract East,Sacramento Valley,153,0.02, ,0.0, ,0, ,1.3,2020-06-02,06:00,66.56, , ,60.0, ,11.2, ,3.4, ,234, ,19.6, 
212,Hastings Tract East,Sacramento Valley,153,0.0, ,0.0, ,0, ,1.4,2020-06-02,07:00,64.75999999999999, , ,66.0, ,11.7, ,2.8, ,240, ,19.4, 
212,Hastings Tract East,Sacramento Valley,153,0.0, ,0.0, ,0, ,1.4,2020-06-02,08:00,63.68, , ,68.0, ,11.6, ,2.7, ,240, ,19.2, 
212,Hastings Tract East,Sacramento Valley,154,0.0, ,0.0, ,0, ,1.4,2020-06-02,09:00,62.78, , ,70.0, ,11.6, ,2.5, ,240, ,19.0, 
212,Hastings Tract East,Sacramento Valley,154,0.0, ,0.0, ,0, ,1.3,2020-06-02,10:00,62.059999999999995, , ,71.0, ,11.4, ,2.2, ,243, ,18.8, 
212,Hastings Tract East,Sacramento Valley,154,0.0, ,0.0, ,0, ,1.4,2020-06-02,11:00,60.26, , ,77.0, ,11.7, ,2.0, ,250, ,18.6, 
212,Hastings Tract East,Sacramento Valley,154,0.0, ,0.0, ,0, ,1.4,2020-06-02,12:00,58.28, , ,85.0, ,12.1, ,1.3, ,264, ,18.5, 
212,Hastings Tract East,Sacramento Valley,154,0.0, ,0.0, ,4, ,1.4,2020-06-02,13:00,57.74, , ,88.0, ,12.4, ,1.8, ,253, ,18.3, 
212,Hastings Tract East,Sacramento Valley,154,0.03, ,0.0, ,94, ,1.5,2020-06-02,14:00,60.26, , ,86.0, ,13.4, ,1.9, ,243, ,18.2, 
212,Hastings Tract East,Sacramento Valley,154,0.19, ,0.0, ,275, ,1.6,2020-06-02,15:00,67.28, , ,71.0, ,14.3, ,2.5, ,246, ,18.0, 
212,Hastings Tract East,Sacramento Valley,154,0.35, ,0.0, ,479, ,1.6,2020-06-02,16:00,73.75999999999999, , ,57.0, ,14.2, ,2.4, ,287, ,17.9, 
212,Hastings Tract East,Sacramento Valley,154,0.49, ,0.0, ,626, ,1.6,2020-06-02,17:00,78.25999999999999, , ,48.0, ,13.7, ,2.4, ,308, ,17.9, 
212,Hastings Tract East,Sacramento Valley,154,0.63, ,0.0, ,803, ,1.6,2020-06-02,18:00,83.66, , ,41.0, ,14.1, ,2.5, ,336, ,17.9, 
212,Hastings Tract East,Sacramento Valley,154,0.74, ,0.0, ,904, ,1.6,2020-06-02,19:00,86.53999999999999, , ,37.0, ,14.0, ,2.4, ,329, ,18.0, 
212,Hastings Tract East,Sacramento Valley,154,0.79, ,0.0, ,963, ,1.6,2020-06-02,20:00,88.52, , ,35.0, ,14.0, ,2.2, ,306, ,18.2, 
212,Hastings Tract East,Sacramento Valley,154,0.8, ,0.0, ,971, ,1.5,2020-06-02,21:00,90.14, , ,32.0, ,13.4, ,2.0, ,308, ,18.5, 
212,Hastings Tract East,Sacramento Valley,154,0.77, ,0.0, ,925, ,1.4,2020-06-02,22:00,93.38000000000001, , ,27.0, ,12.5, ,1.9, ,346, ,18.8, 
212,Hastings Tract East,Sacramento Valley,154,0.69, ,0.0, ,832, ,1.4,2020-06-02,23:00,94.64, , ,25.0, ,11.8, ,1.8, ,318, ,19.2, 
212,Hastings Tract East,Sacramento Valley,154,0.59, ,0.0, ,694, ,1.4,2020-06-03,00:00,96.61999999999999, , ,25.0, ,12.5, ,2.1, ,342, ,19.7, 
212,Hastings Tract East,Sacramento Valley,154,0.47, ,0.0, ,502, ,1.6,2020-06-03,01:00,93.91999999999999, , ,30.0, ,14.5, ,2.6, ,257, ,20.2, 
212,Hastings Tract East,Sacramento Valley,154,0.36, ,0.0, ,306, ,1.6,2020-06-03,02:00,90.5, , ,33.0, ,13.9, ,3.7, ,244, ,20.5, 
212,Hastings Tract East,Sacramento Valley,154,0.17, ,0.0, ,119, ,1.5,2020-06-03,03:00,85.1, , ,36.0, ,13.0, ,3.7, ,240, ,20.8, 
212,Hastings Tract East,Sacramento Valley,154,0.09, ,0.0, ,9, ,1.3,2020-06-03,04:00,79.34, , ,38.0, ,10.9, ,3.2, ,232, ,21.0, 
212,Hastings Tract East,Sacramento Valley,154,0.07,Y,0.0, ,0, ,1.3,2020-06-03,05:00,75.92, ,Y,43.0,Y,11.1,Y,3.4, ,226, ,20.9, 
212,Hastings Tract East,Sacramento Valley,154,0.06,Y,0.0, ,0, ,1.4,2020-06-03,06:00,73.94, ,Y,47.0,Y,11.4,Y,3.5, ,236, ,20.8, 
212,Hastings Tract East,Sacramento Valley,154,0.06,Y,0.0, ,0, ,1.3,2020-06-03,07:00,72.32, ,Y,50.0,Y,11.4,Y,3.5, ,238, ,20.7, 
212,Hastings Tract East,Sacramento Valley,154,0.05,Y,0.0, ,0, ,1.3,2020-06-03,08:00,71.6, ,Y,49.0,Y,10.7,Y,3.2, ,234, ,20.5, 
212,Hastings Tract East,Sacramento Valley,155,0.04,Y,0.0, ,0, ,1.3,2020-06-03,09:00,69.62, ,Y,53.0,Y,11.0,Y,2.8, ,243, ,20.3, 
212,Hastings Tract East,Sacramento Valley,155,0.03,Y,0.0, ,0, ,1.3,2020-06-03,10:00,68.18, ,Y,56.0,Y,10.9,Y,2.7, ,239, ,20.1, 
212,Hastings Tract East,Sacramento Valley,155,0.01, ,0.0, ,0, ,1.3,2020-06-03,11:00,66.02, , ,59.0, ,10.6, ,1.3, ,221, ,19.9, 
212,Hastings Tract East,Sacramento Valley,155,0.0, ,0.0, ,0, ,1.3,2020-06-03,12:00,63.5, , ,65.0, ,10.8, ,1.2, ,233, ,19.7, 
212,Hastings Tract East,Sacramento Valley,155,0.0, ,0.0, ,4, ,1.3,2020-06-03,13:00,59.9, , ,76.0, ,11.3, ,1.1, ,217, ,19.5, 
212,Hastings Tract East,Sacramento Valley,155,0.03, ,0.0, ,94, ,1.5,2020-06-03,14:00,62.24, , ,76.0, ,12.6, ,0.9, ,223, ,19.3, 
212,Hastings Tract East,Sacramento Valley,155,0.19,Y,0.0, ,278, ,1.7,2020-06-03,15:00,70.16, ,Y,66.0,Y,14.5,Y,1.7, ,268, ,19.2, 
212,Hastings Tract East,Sacramento Valley,155,0.35,Y,0.0, ,476, ,1.9,2020-06-03,16:00,77.0, ,Y,59.0,Y,16.5,Y,2.2, ,288, ,19.0, 
212,Hastings Tract East,Sacramento Valley,155,0.5, ,0.0, ,656, ,1.9,2020-06-03,17:00,81.14, , ,54.0, ,17.1, ,2.1, ,332, ,19.0, 
212,Hastings Tract East,Sacramento Valley,155,0.62, ,0.0, ,798, ,1.9,2020-06-03,18:00,85.28, , ,46.0, ,16.7, ,1.7, ,345, ,19.0, 
212,Hastings Tract East,Sacramento Valley,155,0.71, ,0.0, ,899, ,1.9,2020-06-03,19:00,88.7, , ,42.0, ,16.9, ,1.6, ,345, ,19.1, 
212,Hastings Tract East,Sacramento Valley,155,0.77, ,0.0, ,958, ,1.9,2020-06-03,20:00,91.22, , ,38.0, ,16.5, ,1.5, ,302, ,19.3, 
212,Hastings Tract East,Sacramento Valley,155,0.81, ,0.0, ,967, ,1.7,2020-06-03,21:00,94.82, , ,30.0, ,14.5, ,1.7, ,360, ,19.6, 
212,Hastings Tract East,Sacramento Valley,155,0.8, ,0.0, ,921, ,1.5,2020-06-03,22:00,97.7, , ,25.0, ,13.1, ,2.1, ,35, ,20.0, 
212,Hastings Tract East,Sacramento Valley,155,0.7, ,0.0, ,824, ,1.5,2020-06-03,23:00,98.41999999999999, , ,24.0, ,12.7, ,1.8, ,67, ,20.4, 
212,Hastings Tract East,Sacramento Valley,155,0.65, ,0.0, ,696, ,1.2,2020-06-04,00:00,98.6, , ,19.0, ,9.9, ,3.1, ,245, ,20.9, 
212,Hastings Tract East,Sacramento Valley,155,0.54, ,0.0, ,503, ,1.3,2020-06-04,01:00,96.61999999999999, , ,21.0, ,10.4, ,3.6, ,254, ,21.3, 
212,Hastings Tract East,Sacramento Valley,155,0.4, ,0.0, ,312, ,1.5,2020-06-04,02:00,93.38000000000001, , ,27.0, ,12.6, ,4.1, ,243, ,21.7, 
212,Hastings Tract East,Sacramento Valley,155,0.16, ,0.0, ,112, ,1.3,2020-06-04,03:00,87.8, , ,28.0, ,10.6, ,3.2, ,228, ,21.8, 
212,Hastings Tract East,Sacramento Valley,155,0.07, ,0.0, ,5, ,1.3,2020-06-04,04:00,80.06, , ,37.0, ,11.0, ,2.4, ,225, ,21.9, 
212,Hastings Tract East,Sacramento Valley,155,0.05, ,0.0, ,0, ,1.4,2020-06-04,05:00,75.74000000000001, , ,45.0, ,11.8, ,2.8, ,220, ,21.8, 
212,Hastings Tract East,Sacramento Valley,155,0.04, ,0.0, ,0, ,1.4,2020-06-04,06:00,72.86, , ,51.0, ,12.0, ,2.5, ,226, ,21.7, 
212,Hastings Tract East,Sacramento Valley,155,0.03, ,0.0, ,0, ,1.4,2020-06-04,07:00,70.34, , ,54.0, ,11.7, ,2.4, ,224, ,21.5, 
212,Hastings Tract East,Sacramento Valley,155,0.04,Y,0.0, ,0, ,1.3,2020-06-04,08:00,70.88, ,Y,52.0,Y,11.3,Y,3.2, ,233, ,21.3, 
212,Hastings Tract East,Sacramento Valley,156,0.02, ,0.0, ,0, ,1.3,2020-06-04,09:00,67.28, , ,59.0, ,11.4, ,2.4, ,240, ,21.1, 
212,Hastings Tract East,Sacramento Valley,156,0.01, ,0.0, ,0, ,1.4,2020-06-04,10:00,66.2, , ,63.0, ,11.7, ,2.5, ,249, ,20.8, 
212,Hastings Tract East,Sacramento Valley,156,0.0, ,0.0, ,0, ,1.4,2020-06-04,11:00,62.78, , ,72.0, ,12.0, ,1.5, ,243, ,20.6, 
212,Hastings Tract East,Sacramento Valley,156,0.0, ,0.0, ,0, ,1.4,2020-06-04,12:00,61.34, , ,75.0, ,11.9, ,1.2, ,225, ,20.4, 
212,Hastings Tract East,Sacramento Valley,156,0.0, ,0.0, ,5, ,1.4,2020-06-04,13:00,58.82, , ,84.0, ,12.3, ,1.8, ,254, ,20.2, 
212,Hastings Tract East,Sacramento Valley,156,0.03, ,0.0, ,102, ,1.6,2020-06-04,14:00,61.7, , ,83.0, ,13.6, ,1.9, ,256, ,20.0, 
212,Hastings Tract East,Sacramento Valley,156,0.21, ,0.0, ,286, ,1.6,2020-06-04,15:00,68.9, , ,68.0, ,14.3, ,2.9, ,249, ,19.8, 
212,Hastings Tract East,Sacramento Valley,156,0.36, ,0.0, ,493, ,1.6,2020-06-04,16:00,75.92, , ,54.0, ,14.5, ,2.4, ,281, ,19.6, 
212,Hastings Tract East,Sacramento Valley,156,0.5, ,0.0, ,674, ,1.7,2020-06-04,17:00,80.06, , ,49.0, ,15.1, ,2.2, ,305, ,19.5, 
212,Hastings Tract East,Sacramento Valley,156,0.66, ,0.0, ,815, ,1.8,2020-06-04,18:00,85.64, , ,42.0, ,15.4, ,2.6, ,334, ,19.5, 
212,Hastings Tract East,Sacramento Valley,156,0.74, ,0.0, ,904, ,1.8,2020-06-04,19:00,88.7, , ,38.0, ,15.4, ,2.3, ,353, ,19.6, 
212,Hastings Tract East,Sacramento Valley,156,0.8, ,0.0, ,975, ,1.8,2020-06-04,20:00,91.03999999999999, , ,35.0, ,15.5, ,1.9, ,338, ,19.8, 
212,Hastings Tract East,Sacramento Valley,156,0.81, ,0.0, ,980, ,1.7,2020-06-04,21:00,93.2, , ,31.0, ,14.6, ,1.7, ,309, ,20.0, 
212,Hastings Tract East,Sacramento Valley,156,0.79, ,0.0, ,929, ,1.5,2020-06-04,22:00,96.44, , ,26.0, ,13.4, ,1.9, ,351, ,20.4, 
212,Hastings Tract East,Sacramento Valley,156,0.72, ,0.0, ,834, ,1.5,2020-06-04,23:00,98.24, , ,24.0, ,12.7, ,1.9, ,286, ,20.8, 
212,Hastings Tract East,Sacramento Valley,156,0.68, ,0.0, ,704, ,1.2,2020-06-05,00:00,98.24, , ,19.0, ,9.4, ,3.7, ,236, ,21.3, 
212,Hastings Tract East,Sacramento Valley,156,0.54, ,0.0, ,531, ,1.2,2020-06-05,01:00,96.26, , ,20.0, ,9.2, ,4.1, ,241, ,21.7, 
212,Hastings Tract East,Sacramento Valley,156,0.42, ,0.0, ,321, ,1.6,2020-06-05,02:00,90.86, , ,32.0, ,13.6, ,5.1, ,241, ,22.0, 
212,Hastings Tract East,Sacramento Valley,156,0.19, ,0.0, ,129, ,1.5,2020-06-05,03:00,84.74, , ,36.0, ,12.5, ,4.1, ,236, ,22.2, 
212,Hastings Tract East,Sacramento Valley,156,0.07, ,0.0, ,10, ,1.4,2020-06-05,04:00,77.72, , ,44.0, ,12.3, ,3.0, ,237, ,22.2, 
212,Hastings Tract East,Sacramento Valley,156,0.05, ,0.0, ,0, ,1.4,2020-06-05,05:00,72.32, , ,50.0, ,11.5, ,3.5, ,232, ,22.1, 
212,Hastings Tract East,Sacramento Valley,156,0.05, ,0.0, ,0, ,1.3,2020-06-05,06:00,68.18, , ,57.0, ,11.2, ,4.8, ,232, ,21.9, 
212,Hastings Tract East,Sacramento Valley,156,0.03, ,0.0, ,0, ,1.3,2020-06-05,07:00,63.68, , ,64.0, ,10.6, ,4.9, ,239, ,21.7, 
212,Hastings Tract East,Sacramento Valley,156,0.02, ,0.0, ,0, ,1.2,2020-06-05,08:00,60.08, , ,69.0, ,10.0, ,4.8, ,234, ,21.4, 
212,Hastings Tract East,Sacramento Valley,157,0.03, ,0.0, ,0, ,1.3,2020-06-05,09:00,59.9, , ,71.0, ,10.3, ,6.8, ,231, ,21.1, 
212,Hastings Tract East,Sacramento Valley,157,0.02, ,0.0, ,0, ,1.2,2020-06-05,10:00,58.82, , ,74.0, ,10.2, ,6.3, ,236, ,20.7, 
212,Hastings Tract East,Sacramento Valley,157,0.01, ,0.0, ,0, ,1.2,2020-06-05,11:00,56.84, , ,78.0, ,10.0, ,5.5, ,242, ,20.4, 
212,Hastings Tract East,Sacramento Valley,157,0.01, ,0.0, ,0, ,1.2,2020-06-05,12:00,56.84, , ,77.0, ,9.8, ,6.2, ,235, ,20.1, 
212,Hastings Tract East,Sacramento Valley,157,0.01, ,0.0, ,5, ,1.2,2020-06-05,13:00,55.76, , ,81.0, ,9.9, ,6.6, ,239, ,19.7, 
212,Hastings Tract East,Sacramento Valley,157,0.07, ,0.0, ,96, ,1.2,2020-06-05,14:00,56.48, , ,79.0, ,10.1, ,6.9, ,233, ,19.4, 
212,Hastings Tract East,Sacramento Valley,157,0.22, ,0.0, ,285, ,1.3,2020-06-05,15:00,59.72, , ,72.0, ,10.3, ,6.8, ,234, ,19.1, 
212,Hastings Tract East,Sacramento Valley,157,0.38, ,0.0, ,491, ,1.2,2020-06-05,16:00,62.78, , ,63.0, ,9.9, ,7.7, ,227, ,18.9, 
212,Hastings Tract East,Sacramento Valley,157,0.52, ,0.0, ,675, ,1.2,2020-06-05,17:00,66.2, , ,57.0, ,10.2, ,7.4, ,230, ,18.7, 
212,Hastings Tract East,Sacramento Valley,157,0.69, ,0.0, ,824, ,1.2,2020-06-05,18:00,68.18, , ,52.0, ,9.9, ,8.9, ,233, ,18.6, 
212,Hastings Tract East,Sacramento Valley,157,0.77, ,0.0, ,923, ,1.2,2020-06-05,19:00,70.34, , ,49.0, ,10.3, ,7.9, ,230, ,18.5, 
212,Hastings Tract East,Sacramento Valley,157,0.83, ,0.0, ,977, ,1.3,2020-06-05,20:00,71.24000000000001, , ,49.0, ,10.6, ,8.5, ,228, ,18.6, 
212,Hastings Tract East,Sacramento Valley,157,0.87, ,0.0, ,997, ,1.3,2020-06-05,21:00,71.96, , ,47.0, ,10.4, ,9.1, ,237, ,18.7, 
212,Hastings Tract East,Sacramento Valley,157,0.75, ,0.0, ,824, ,1.3,2020-06-05,22:00,70.52, , ,51.0, ,10.9, ,9.3, ,233, ,18.8, 
212,Hastings Tract East,Sacramento Valley,157,0.72, ,0.0, ,782, ,1.3,2020-06-05,23:00,71.42, , ,48.0, ,10.4, ,8.9, ,229, ,19.0, 
212,Hastings Tract East,Sacramento Valley,157,0.64, ,0.0, ,642, ,1.2,2020-06-06,00:00,71.42, , ,46.0, ,9.7, ,9.3, ,235, ,19.2, 
212,Hastings Tract East,Sacramento Valley,157,0.51, ,0.0, ,547, ,1.2,2020-06-06,01:00,69.08, , ,49.0, ,9.6, ,9.5, ,237, ,19.4, 
212,Hastings Tract East,Sacramento Valley,157,0.31, ,0.0, ,257, ,1.2,2020-06-06,02:00,65.66, , ,53.0, ,9.1, ,8.0, ,235, ,19.5, 
212,Hastings Tract East,Sacramento Valley,157,0.21, ,0.0, ,142, ,1.1,2020-06-06,03:00,63.14, , ,56.0, ,8.5, ,8.3, ,237, ,19.5, 
212,Hastings Tract East,Sacramento Valley,157,0.1, ,0.0, ,9, ,1.1,2020-06-06,04:00,59.72, , ,64.0, ,8.6, ,9.2, ,235, ,19.5, 
212,Hastings Tract East,Sacramento Valley,157,0.07, ,0.0, ,0, ,1.1,2020-06-06,05:00,58.1, , ,68.0, ,8.7, ,9.3, ,234, ,19.3, 
212,Hastings Tract East,Sacramento Valley,157,0.05, ,0.0, ,0, ,1.1,2020-06-06,06:00,57.379999999999995, , ,70.0, ,8.7, ,7.8, ,234, ,19.1, 
212,Hastings Tract East,Sacramento Valley,157,0.04, ,0.0, ,0, ,1.1,2020-06-06,07:00,56.66, , ,71.0, ,8.5, ,6.7, ,237, ,18.8, 
212,Hastings Tract East,Sacramento Valley,157,0.05, ,0.0, ,0, ,1.1,2020-06-06,08:00,56.120000000000005, , ,71.0, ,8.3, ,7.1, ,235, ,18.5, 
212,Hastings Tract East,Sacramento Valley,158,0.05, ,0.0, ,0, ,1.1,2020-06-06,09:00,55.76, , ,72.0, ,8.2, ,6.7, ,235, ,18.2, 
212,Hastings Tract East,Sacramento Valley,158,0.04, ,0.0, ,0, ,1.1,2020-06-06,10:00,54.86, , ,73.0, ,7.9, ,6.1, ,242, ,17.9, 
212,Hastings Tract East,Sacramento Valley,158,0.05, ,0.0, ,0, ,1.1,2020-06-06,11:00,54.5, , ,74.0, ,7.9, ,7.1, ,240, ,17.6, 
212,Hastings Tract East,Sacramento Valley,158,0.04, ,0.0, ,0, ,1.1,2020-06-06,12:00,53.96, , ,75.0, ,7.9, ,6.7, ,235, ,17.3, 
212,Hastings Tract East,Sacramento Valley,158,0.03, ,0.0, ,4, ,1.1,2020-06-06,13:00,53.24, , ,77.0, ,8.0, ,5.8, ,237, ,17.1, 
212,Hastings Tract East,Sacramento Valley,158,0.07, ,0.0, ,50, ,1.1,2020-06-06,14:00,54.68, , ,74.0, ,8.1, ,6.1, ,238, ,17.0, 
212,Hastings Tract East,Sacramento Valley,158,0.15, ,0.0, ,147, ,1.1,2020-06-06,15:00,56.120000000000005, , ,69.0, ,7.9, ,5.6, ,239, ,16.8, 
212,Hastings Tract East,Sacramento Valley,158,0.34, ,0.0, ,499, ,1.1,2020-06-06,16:00,60.440000000000005, , ,60.0, ,8.0, ,6.1, ,241, ,16.7, 
212,Hastings Tract East,Sacramento Valley,158,0.51, ,0.0, ,683, ,1.1,2020-06-06,17:00,64.4, , ,52.0, ,7.9, ,6.3, ,237, ,16.6, 
212,Hastings Tract East,Sacramento Valley,158,0.65, ,0.0, ,833, ,1.1,2020-06-06,18:00,67.64, , ,47.0, ,8.2, ,6.5, ,238, ,16.6, 
212,Hastings Tract East,Sacramento Valley,158,0.77, ,0.0, ,937, ,1.1,2020-06-06,19:00,70.52, , ,44.0, ,8.5, ,7.0, ,233, ,16.6, 
212,Hastings Tract East,Sacramento Valley,158,0.83, ,0.0, ,993, ,1.1,2020-06-06,20:00,72.68, , ,42.0, ,9.0, ,6.6, ,230, ,16.7, 
212,Hastings Tract East,Sacramento Valley,158,0.85, ,0.0, ,997, ,1.1,2020-06-06,21:00,73.75999999999999, , ,40.0, ,8.8, ,6.8, ,232, ,16.9, 
212,Hastings Tract East,Sacramento Valley,158,0.84, ,0.0, ,949, ,1.1,2020-06-06,22:00,74.48, , ,38.0, ,8.3, ,7.3, ,233, ,17.2, 
212,Hastings Tract East,Sacramento Valley,158,0.78, ,0.0, ,849, ,1.0,2020-06-06,23:00,73.75999999999999, , ,36.0, ,7.3, ,8.0, ,237, ,17.5, 
212,Hastings Tract East,Sacramento Valley,158,0.68, ,0.0, ,700, ,1.0,2020-06-07,00:00,72.32, , ,37.0, ,7.0, ,8.9, ,235, ,17.8, 
212,Hastings Tract East,Sacramento Valley,158,0.52, ,0.0, ,534, ,1.0,2020-06-07,01:00,71.06, , ,39.0, ,7.1, ,8.2, ,233, ,18.1, 
212,Hastings Tract East,Sacramento Valley,158,0.43, ,0.0, ,324, ,0.9,2020-06-07,02:00,67.82, , ,39.0, ,5.6, ,9.3, ,240, ,18.2, 
212,Hastings Tract East,Sacramento Valley,158,0.18, ,0.0, ,132, ,1.0,2020-06-07,03:00,63.32, , ,49.0, ,6.5, ,7.0, ,236, ,18.3, 
212,Hastings Tract East,Sacramento Valley,158,0.05, ,0.0, ,11, ,1.0,2020-06-07,04:00,59.36, , ,58.0, ,7.0, ,5.2, ,236, ,18.2, 
212,Hastings Tract East,Sacramento Valley,158,0.03, ,0.0, ,0, ,1.0,2020-06-07,05:00,57.379999999999995, , ,63.0, ,7.3, ,5.4, ,238, ,18.1, 
212,Hastings Tract East,Sacramento Valley,158,0.04, ,0.0, ,0, ,1.0,2020-06-07,06:00,56.3, , ,63.0, ,6.7, ,5.8, ,242, ,17.9, 
212,Hastings Tract East,Sacramento Valley,158,0.02, ,0.0, ,0, ,1.0,2020-06-07,07:00,54.5, , ,67.0, ,6.6, ,4.5, ,232, ,17.7, 
212,Hastings Tract East,Sacramento Valley,158,0.01, ,0.0, ,0, ,1.0,2020-06-07,08:00,52.7, , ,70.0, ,6.2, ,3.9, ,239, ,17.4, 
212,Hastings Tract East,Sacramento Valley,159,0.0, ,0.0, ,0, ,0.9,2020-06-07,09:00,50.72, , ,73.0, ,5.8, ,2.7, ,241, ,17.2, 
212,Hastings Tract East,Sacramento Valley,159,0.0,Y,0.0, ,0, ,0.9,2020-06-07,10:00,47.84, ,Y,77.0,Y,4.9,Y,1.6, ,248, ,16.9, 
212,Hastings Tract East,Sacramento Valley,159,0.0,Y,0.0, ,0, ,0.8,2020-06-07,11:00,45.32, ,Y,80.0,Y,4.3,Y,1.3, ,237, ,16.7, 
212,Hastings Tract East,Sacramento Valley,159,0.0,Y,0.0, ,0, ,0.8,2020-06-07,12:00,44.96, ,Y,83.0,Y,4.4,Y,1.3, ,254, ,16.4, 
212,Hastings Tract East,Sacramento Valley,159,0.0,Y,0.0, ,4, ,0.8,2020-06-07,13:00,44.6, ,Y,82.0,Y,4.2,Y,1.4, ,253, ,16.2, 
212,Hastings Tract East,Sacramento Valley,159,0.02,Y,0.0, ,102, ,0.9,2020-06-07,14:00,47.84, ,Y,79.0,Y,5.5,Y,1.7, ,243, ,16.0, 
212,Hastings Tract East,Sacramento Valley,159,0.19, ,0.0, ,292, ,0.9,2020-06-07,15:00,55.76, , ,61.0, ,5.8, ,3.2, ,254, ,15.8, 
212,Hastings Tract East,Sacramento Valley,159,0.3, ,0.0, ,500, ,0.9,2020-06-07,16:00,60.62, , ,48.0, ,4.8, ,2.6, ,294, ,15.7, 
212,Hastings Tract East,Sacramento Valley,159,0.42, ,0.0, ,687, ,0.9,2020-06-07,17:00,63.32, , ,43.0, ,4.6, ,1.9, ,300, ,15.6, 
212,Hastings Tract East,Sacramento Valley,159,0.54, ,0.0, ,843, ,0.8,2020-06-07,18:00,64.94, , ,39.0, ,4.0, ,1.8, ,323, ,15.5, 
212,Hastings Tract East,Sacramento Valley,159,0.62, ,0.0, ,947, ,0.8,2020-06-07,19:00,66.02, , ,38.0, ,4.3, ,1.8, ,280, ,15.6, 
212,Hastings Tract East,Sacramento Valley,159,0.71, ,0.0, ,1004, ,0.8,2020-06-07,20:00,69.08, , ,33.0, ,3.8, ,2.4, ,358, ,15.7, 
212,Hastings Tract East,Sacramento Valley,159,0.73, ,0.0, ,1013, ,0.8,2020-06-07,21:00,71.42, , ,30.0, ,3.4, ,2.2, ,7, ,16.0, 
212,Hastings Tract East,Sacramento Valley,159,0.71, ,0.0, ,980, ,0.7,2020-06-07,22:00,73.22, , ,27.0, ,2.7, ,2.0, ,9, ,16.3, 
212,Hastings Tract East,Sacramento Valley,159,0.66, ,0.0, ,896, ,0.7,2020-06-07,23:00,74.12, , ,25.0, ,2.5, ,2.3, ,59, ,16.6, 
212,Hastings Tract East,Sacramento Valley,159,0.61, ,0.0, ,715, ,1.0,2020-06-08,00:00,72.5, , ,36.0, ,6.6, ,5.8, ,224, ,17.0, 
212,Hastings Tract East,Sacramento Valley,159,0.47, ,0.0, ,531, ,1.0,2020-06-08,01:00,71.6, , ,37.0, ,6.6, ,6.2, ,231, ,17.4, 
212,Hastings Tract East,Sacramento Valley,159,0.35, ,0.0, ,324, ,1.0,2020-06-08,02:00,69.25999999999999, , ,39.0, ,6.3, ,6.1, ,234, ,17.6, 
212,Hastings Tract East,Sacramento Valley,159,0.13, ,0.0, ,115, ,1.0,2020-06-08,03:00,66.92, , ,43.0, ,6.4, ,4.4, ,233, ,17.7, 
212,Hastings Tract East,Sacramento Valley,159,0.04, ,0.0, ,12, ,1.0,2020-06-08,04:00,62.42, , ,52.0, ,7.1, ,2.8, ,216, ,17.7, 
212,Hastings Tract East,Sacramento Valley,159,0.0, ,0.0, ,0, ,1.0,2020-06-08,05:00,58.459999999999994, , ,58.0, ,6.4, ,1.6, ,245, ,17.6, 
212,Hastings Tract East,Sacramento Valley,159,0.0, ,0.0, ,0, ,1.0,2020-06-08,06:00,56.48, , ,62.0, ,6.4, ,1.6, ,251, ,17.5, 
212,Hastings Tract East,Sacramento Valley,159,0.0, ,0.0, ,0, ,0.9,2020-06-08,07:00,57.2, , ,58.0, ,6.0, ,1.5, ,305, ,17.3, 
212,Hastings Tract East,Sacramento Valley,159,0.0, ,0.0, ,0, ,0.9,2020-06-08,08:00,57.74, , ,57.0, ,5.7, ,1.6, ,324, ,17.2, 
212,Hastings Tract East,Sacramento Valley,160,0.02, ,0.0, ,0, ,0.9,2020-06-08,09:00,58.1, , ,53.0, ,5.0, ,2.5, ,350, ,17.0, 
212,Hastings Tract East,Sacramento Valley,160,0.02, ,0.0, ,0, ,0.8,2020-06-08,10:00,57.74, , ,50.0, ,4.1, ,2.8, ,349, ,16.8, 
212,Hastings Tract East,Sacramento Valley,160,0.02, ,0.0, ,0, ,0.8,2020-06-08,11:00,57.2, , ,50.0, ,3.9, ,2.4, ,338, ,16.7, 
212,Hastings Tract East,Sacramento Valley,160,0.02, ,0.0, ,0, ,0.8,2020-06-08,12:00,55.94, , ,53.0, ,3.8, ,2.9, ,355, ,16.5, 
212,Hastings Tract East,Sacramento Valley,160,0.03, ,0.0, ,7, ,0.8,2020-06-08,13:00,55.58, , ,51.0, ,3.3, ,3.6, ,352, ,16.3, 
212,Hastings Tract East,Sacramento Valley,160,0.07, ,0.0, ,110, ,0.8,2020-06-08,14:00,57.379999999999995, , ,49.0, ,3.4, ,3.0, ,346, ,16.2, 
212,Hastings Tract East,Sacramento Valley,160,0.22, ,0.0, ,301, ,0.8,2020-06-08,15:00,60.8, , ,44.0, ,3.9, ,3.2, ,336, ,16.0, 
212,Hastings Tract East,Sacramento Valley,160,0.35, ,0.0, ,509, ,0.8,2020-06-08,16:00,64.4, , ,39.0, ,3.9, ,3.7, ,343, ,15.9, 
212,Hastings Tract East,Sacramento Valley,160,0.51, ,0.0, ,696, ,0.8,2020-06-08,17:00,67.64, , ,35.0, ,3.9, ,3.9, ,342, ,15.7, 
212,Hastings Tract East,Sacramento Valley,160,0.64, ,0.0, ,848, ,0.8,2020-06-08,18:00,70.52, , ,32.0, ,4.0, ,3.7, ,334, ,15.7, 
212,Hastings Tract East,Sacramento Valley,160,0.75, ,0.0, ,955, ,0.8,2020-06-08,19:00,73.04, , ,29.0, ,3.7, ,3.8, ,342, ,15.7, 
212,Hastings Tract East,Sacramento Valley,160,0.76, ,0.0, ,977, ,0.8,2020-06-08,20:00,75.74000000000001, , ,26.0, ,3.7, ,3.2, ,332, ,15.8, 
212,Hastings Tract East,Sacramento Valley,160,0.81, ,0.0, ,1016, ,0.7,2020-06-08,21:00,78.25999999999999, , ,22.0, ,2.1, ,3.2, ,340, ,16.0, 
212,Hastings Tract East,Sacramento Valley,160,0.78, ,0.0, ,969, ,0.6,2020-06-08,22:00,80.42, , ,18.0, ,0.3, ,2.9, ,335, ,16.2, 
212,Hastings Tract East,Sacramento Valley,160,0.7, ,0.0, ,869, ,0.7,2020-06-08,23:00,82.22, , ,18.0, ,1.1, ,2.7, ,340, ,16.5, 
212,Hastings Tract East,Sacramento Valley,160,0.58, ,0.0, ,724, ,0.7,2020-06-09,00:00,83.3, , ,17.0, ,1.0, ,2.5, ,333, ,16.9, 
212,Hastings Tract East,Sacramento Valley,160,0.42, ,0.0, ,538, ,0.8,2020-06-09,01:00,82.4, , ,20.0, ,2.9, ,2.3, ,279, ,17.3, 
212,Hastings Tract East,Sacramento Valley,160,0.38, ,0.0, ,327, ,0.9,2020-06-09,02:00,78.62, , ,26.0, ,4.9, ,4.9, ,236, ,17.6, 
212,Hastings Tract East,Sacramento Valley,160,0.18, ,0.0, ,133, ,0.8,2020-06-09,03:00,73.75999999999999, , ,29.0, ,4.2, ,4.3, ,242, ,17.8, 
212,Hastings Tract East,Sacramento Valley,160,0.07, ,0.0, ,6, ,0.8,2020-06-09,04:00,68.0, , ,33.0, ,3.4, ,3.3, ,236, ,17.9, 
212,Hastings Tract East,Sacramento Valley,160,0.04, ,0.0, ,0, ,0.9,2020-06-09,05:00,63.68, , ,43.0, ,4.8, ,2.6, ,234, ,17.9, 
212,Hastings Tract East,Sacramento Valley,160,0.03, ,0.0, ,0, ,0.9,2020-06-09,06:00,60.8, , ,50.0, ,5.4, ,2.6, ,238, ,17.7, 
212,Hastings Tract East,Sacramento Valley,160,0.02, ,0.0, ,0, ,1.0,2020-06-09,07:00,59.0, , ,56.0, ,6.2, ,2.5, ,248, ,17.6, 
212,Hastings Tract East,Sacramento Valley,160,0.0, ,0.0, ,0, ,1.0,2020-06-09,08:00,56.84, , ,63.0, ,6.9, ,2.4, ,249, ,17.4, 
212,Hastings Tract East,Sacramento Valley,161,0.0, ,0.0, ,0, ,1.1,2020-06-09,09:00,56.66, , ,68.0, ,7.9, ,2.5, ,250, ,17.2, 
212,Hastings Tract East,Sacramento Valley,161,0.0, ,0.0, ,0, ,1.1,2020-06-09,10:00,56.84, , ,70.0, ,8.3, ,2.7, ,245, ,17.0, 
212,Hastings Tract East,Sacramento Valley,161,0.01, ,0.0, ,0, ,1.1,2020-06-09,11:00,58.28, , ,65.0, ,8.2, ,3.1, ,238, ,16.8, 
212,Hastings Tract East,Sacramento Valley,161,0.0, ,0.0, ,0, ,1.1,2020-06-09,12:00,56.120000000000005, , ,68.0, ,7.7, ,1.6, ,241, ,16.7, 
212,Hastings Tract East,Sacramento Valley,161,0.0, ,0.0, ,6, ,1.1,2020-06-09,13:00,52.7, , ,78.0, ,7.8, ,0.9, ,236, ,16.5, 
212,Hastings Tract East,Sacramento Valley,161,0.03, ,0.0, ,105, ,1.1,2020-06-09,14:00,54.14, , ,78.0, ,8.5, ,1.4, ,234, ,16.4, 
212,Hastings Tract East,Sacramento Valley,161,0.19, ,0.0, ,292, ,1.2,2020-06-09,15:00,62.059999999999995, , ,63.0, ,9.5, ,2.3, ,262, ,16.3, 
212,Hastings Tract East,Sacramento Valley,161,0.32, ,0.0, ,497, ,1.1,2020-06-09,16:00,68.18, , ,46.0, ,8.2, ,1.9, ,279, ,16.2, 
212,Hastings Tract East,Sacramento Valley,161,0.48, ,0.0, ,684, ,1.1,2020-06-09,17:00,74.3, , ,38.0, ,8.2, ,1.8, ,331, ,16.1, 
212,Hastings Tract East,Sacramento Valley,161,0.62, ,0.0, ,829, ,1.0,2020-06-09,18:00,78.44, , ,31.0, ,7.5, ,2.0, ,337, ,16.1, 
212,Hastings Tract East,Sacramento Valley,161,0.7, ,0.0, ,925, ,1.1,2020-06-09,19:00,81.14, , ,30.0, ,8.3, ,1.7, ,318, ,16.3, 
212,Hastings Tract East,Sacramento Valley,161,0.76, ,0.0, ,985, ,1.0,2020-06-09,20:00,82.94, , ,27.0, ,7.3, ,1.6, ,320, ,16.5, 
212,Hastings Tract East,Sacramento Valley,161,0.77, ,0.0, ,990, ,0.9,2020-06-09,21:00,85.28, , ,21.0, ,5.2, ,1.6, ,305, ,16.7, 
212,Hastings Tract East,Sacramento Valley,161,0.75, ,0.0, ,940, ,0.9,2020-06-09,22:00,88.16, , ,20.0, ,5.8, ,1.6, ,321, ,17.1, 
212,Hastings Tract East,Sacramento Valley,161,0.68, ,0.0, ,847, ,1.0,2020-06-09,23:00,89.24, , ,21.0, ,6.7, ,1.7, ,285, ,17.5, 
212,Hastings Tract East,Sacramento Valley,161,0.57, ,0.0, ,708, ,1.0,2020-06-10,00:00,89.96000000000001, , ,20.0, ,6.6, ,1.9, ,231, ,18.0, 
212,Hastings Tract East,Sacramento Valley,161,0.49, ,0.0, ,529, ,1.1,2020-06-10,01:00,89.06, , ,23.0, ,8.2, ,3.2, ,242, ,18.5, 
212,Hastings Tract East,Sacramento Valley,161,0.38, ,0.0, ,327, ,1.2,2020-06-10,02:00,86.0, , ,29.0, ,9.8, ,4.1, ,238, ,18.9, 
212,Hastings Tract East,Sacramento Valley,161,0.18, ,0.0, ,130, ,1.3,2020-06-10,03:00,81.5, , ,36.0, ,10.9, ,4.1, ,237, ,19.2, 
212,Hastings Tract East,Sacramento Valley,161,0.07, ,0.0, ,12, ,1.3,2020-06-10,04:00,75.02, , ,43.0, ,10.5, ,3.2, ,219, ,19.3, 
212,Hastings Tract East,Sacramento Valley,161,0.05, ,0.0, ,0, ,1.2,2020-06-10,05:00,71.06, , ,46.0, ,9.5, ,3.2, ,221, ,19.3, 
212,Hastings Tract East,Sacramento Valley,161,0.05, ,0.0, ,0, ,1.2,2020-06-10,06:00,69.98, , ,48.0, ,9.7, ,3.4, ,234, ,19.2, 
212,Hastings Tract East,Sacramento Valley,161,0.05, ,0.0, ,0, ,1.2,2020-06-10,07:00,68.54, , ,51.0, ,9.9, ,3.8, ,235, ,19.1, 
212,Hastings Tract East,Sacramento Valley,161,0.04, ,0.0, ,0, ,1.3,2020-06-10,08:00,67.1, , ,56.0, ,10.6, ,3.7, ,240, ,18.9, 
212,Hastings Tract East,Sacramento Valley,162,0.02, ,0.0, ,0, ,1.4,2020-06-10,09:00,64.94, , ,64.0, ,11.4, ,3.4, ,246, ,18.7, 
212,Hastings Tract East,Sacramento Valley,162,0.01, ,0.0, ,0, ,1.3,2020-06-10,10:00,63.32, , ,68.0, ,11.3, ,2.6, ,246, ,18.5, 
212,Hastings Tract East,Sacramento Valley,162,0.0, ,0.0, ,0, ,1.3,2020-06-10,11:00,61.88, , ,71.0, ,11.4, ,2.3, ,246, ,18.4, 
212,Hastings Tract East,Sacramento Valley,162,0.0, ,0.0, ,0, ,1.4,2020-06-10,12:00,59.9, , ,77.0, ,11.4, ,2.0, ,228, ,18.2, 
212,Hastings Tract East,Sacramento Valley,162,0.0, ,0.0, ,6, ,1.3,2020-06-10,13:00,58.1, , ,81.0, ,11.3, ,1.9, ,222, ,18.1, 
212,Hastings Tract East,Sacramento Valley,162,0.04, ,0.0, ,104, ,1.4,2020-06-10,14:00,60.8, , ,78.0, ,12.2, ,2.1, ,243, ,17.9, 
212,Hastings Tract East,Sacramento Valley,162,0.2, ,0.0, ,286, ,1.5,2020-06-10,15:00,66.56, , ,66.0, ,12.7, ,2.7, ,243, ,17.8, 
212,Hastings Tract East,Sacramento Valley,162,0.36, ,0.0, ,479, ,1.5,2020-06-10,16:00,71.96, , ,54.0, ,12.6, ,2.8, ,243, ,17.7, 
212,Hastings Tract East,Sacramento Valley,162,0.47, ,0.0, ,670, ,1.5,2020-06-10,17:00,75.92, , ,49.0, ,13.0, ,2.0, ,281, ,17.6, 
212,Hastings Tract East,Sacramento Valley,162,0.58, ,0.0, ,749, ,1.6,2020-06-10,18:00,78.62, , ,49.0, ,14.4, ,1.8, ,295, ,17.7, 
212,Hastings Tract East,Sacramento Valley,162,0.62, ,0.0, ,780, ,1.7,2020-06-10,19:00,82.75999999999999, , ,43.0, ,14.6, ,1.5, ,313, ,17.8, 
212,Hastings Tract East,Sacramento Valley,162,0.75, ,0.0, ,957, ,1.6,2020-06-10,20:00,85.82, , ,39.0, ,14.3, ,1.6, ,301, ,18.0, 
212,Hastings Tract East,Sacramento Valley,162,0.74, ,0.0, ,898, ,1.5,2020-06-10,21:00,88.7, , ,32.0, ,13.0, ,1.4, ,266, ,18.2, 
212,Hastings Tract East,Sacramento Valley,162,0.75, ,0.0, ,889, ,1.5,2020-06-10,22:00,92.48, , ,29.0, ,13.0, ,1.4, ,320, ,18.6, 
212,Hastings Tract East,Sacramento Valley,162,0.74, ,0.0, ,852, ,1.1,2020-06-10,23:00,94.28, , ,20.0, ,8.2, ,2.5, ,225, ,19.0, 
212,Hastings Tract East,Sacramento Valley,162,0.63, ,0.0, ,715, ,1.1,2020-06-11,00:00,94.64, , ,19.0, ,7.7, ,2.7, ,225, ,19.5, 
212,Hastings Tract East,Sacramento Valley,162,0.54, ,0.0, ,536, ,1.1,2020-06-11,01:00,93.02, , ,22.0, ,9.0, ,4.2, ,236, ,20.0, 
212,Hastings Tract East,Sacramento Valley,162,0.4, ,0.0, ,337, ,1.3,2020-06-11,02:00,89.06, , ,28.0, ,10.7, ,4.3, ,243, ,20.3, 
212,Hastings Tract East,Sacramento Valley,162,0.2, ,0.0, ,134, ,1.3,2020-06-11,03:00,83.48, , ,33.0, ,10.9, ,4.6, ,241, ,20.5, 
212,Hastings Tract East,Sacramento Valley,162,0.06, ,0.0, ,5, ,1.4,2020-06-11,04:00,76.28, , ,44.0, ,11.6, ,3.4, ,233, ,20.5, 
212,Hastings Tract East,Sacramento Valley,162,0.04, ,0.0, ,0, ,1.4,2020-06-11,05:00,71.24000000000001, , ,53.0, ,11.8, ,3.3, ,219, ,20.5, 
212,Hastings Tract East,Sacramento Valley,162,0.03, ,0.0, ,0, ,1.5,2020-06-11,06:00,68.36, , ,62.0, ,12.6, ,3.8, ,226, ,20.3, 
212,Hastings Tract East,Sacramento Valley,162,0.02, ,0.0, ,0, ,1.5,2020-06-11,07:00,67.28, , ,66.0, ,13.0, ,4.3, ,233, ,20.2, 
212,Hastings Tract East,Sacramento Valley,162,0.02, ,0.0, ,0, ,1.5,2020-06-11,08:00,65.66, , ,71.0, ,13.2, ,4.7, ,234, ,20.0, 
212,Hastings Tract East,Sacramento Valley,163,0.02, ,0.0, ,0, ,1.5,2020-06-11,09:00,64.04, , ,76.0, ,13.5, ,5.3, ,234, ,19.7, 
212,Hastings Tract East,Sacramento Valley,163,0.01, ,0.0, ,0, ,1.5,2020-06-11,10:00,62.78, , ,78.0, ,13.1, ,4.9, ,232, ,19.5, 
212,Hastings Tract East,Sacramento Valley,163,0.0, ,0.0, ,0, ,1.5,2020-06-11,11:00,62.24, , ,80.0, ,13.3, ,4.6, ,238, ,19.3, 
212,Hastings Tract East,Sacramento Valley,163,0.0, ,0.0, ,0, ,1.5,2020-06-11,12:00,61.7, , ,81.0, ,13.3, ,4.5, ,239, ,19.1, 
212,Hastings Tract East,Sacramento Valley,163,0.0, ,0.0, ,8, ,1.5,2020-06-11,13:00,60.8, , ,85.0, ,13.4, ,4.4, ,241, ,18.9, 
212,Hastings Tract East,Sacramento Valley,163,0.07, ,0.0, ,120, ,1.5,2020-06-11,14:00,61.7, , ,82.0, ,13.4, ,4.6, ,241, ,18.8, 
212,Hastings Tract East,Sacramento Valley,163,0.21, ,0.0, ,283, ,1.6,2020-06-11,15:00,65.3, , ,74.0, ,13.7, ,4.8, ,236, ,18.6, 
212,Hastings Tract East,Sacramento Valley,163,0.38, ,0.0, ,529, ,1.6,2020-06-11,16:00,70.16, , ,64.0, ,14.2, ,4.9, ,241, ,18.5, 
212,Hastings Tract East,Sacramento Valley,163,0.45, ,0.0, ,556, ,1.7,2020-06-11,17:00,73.75999999999999, , ,59.0, ,14.7, ,4.0, ,240, ,18.4, 
212,Hastings Tract East,Sacramento Valley,163,0.65, ,0.0, ,834, ,1.7,2020-06-11,18:00,78.08, , ,52.0, ,15.1, ,3.9, ,227, ,18.4, 
212,Hastings Tract East,Sacramento Valley,163,0.75, ,0.0, ,922, ,1.7,2020-06-11,19:00,82.58, , ,45.0, ,15.0, ,3.2, ,232, ,18.5, 
212,Hastings Tract East,Sacramento Valley,163,0.79, ,0.0, ,902, ,1.6,2020-06-11,20:00,86.36, , ,37.0, ,13.8, ,3.0, ,238, ,18.7, 
212,Hastings Tract East,Sacramento Valley,163,0.9, ,0.0, ,990, ,1.2,2020-06-11,21:00,90.5, , ,24.0, ,9.5, ,3.8, ,241, ,18.9, 
212,Hastings Tract East,Sacramento Valley,163,0.84, ,0.0, ,848, ,1.1,2020-06-11,22:00,91.03999999999999, , ,23.0, ,8.8, ,4.2, ,236, ,19.2, 
212,Hastings Tract East,Sacramento Valley,163,0.73, ,0.0, ,666, ,1.5,2020-06-11,23:00,87.61999999999999, , ,33.0, ,12.9, ,6.2, ,239, ,19.6, 
212,Hastings Tract East,Sacramento Valley,163,0.57, ,0.0, ,507, ,1.5,2020-06-12,00:00,83.48, , ,38.0, ,13.0, ,6.5, ,243, ,20.0, 
212,Hastings Tract East,Sacramento Valley,163,0.52, ,0.0, ,479, ,1.4,2020-06-12,01:00,82.94, , ,36.0, ,11.9, ,5.5, ,234, ,20.2, 
212,Hastings Tract East,Sacramento Valley,163,0.39, ,0.0, ,385, ,1.3,2020-06-12,02:00,82.22, , ,35.0, ,11.1, ,5.0, ,235, ,20.4, 
212,Hastings Tract East,Sacramento Valley,163,0.18, ,0.0, ,132, ,1.3,2020-06-12,03:00,76.82, , ,42.0, ,11.1, ,5.5, ,233, ,20.4, 
212,Hastings Tract East,Sacramento Valley,163,0.05, ,0.0, ,11, ,1.3,2020-06-12,04:00,71.06, , ,49.0, ,10.5, ,4.2, ,219, ,20.4, 
212,Hastings Tract East,Sacramento Valley,163,0.01, ,0.0, ,0, ,1.3,2020-06-12,05:00,67.82, , ,57.0, ,11.2, ,3.1, ,209, ,20.3, 
212,Hastings Tract East,Sacramento Valley,163,0.01, ,0.0, ,0, ,1.3,2020-06-12,06:00,66.2, , ,59.0, ,10.7, ,3.2, ,230, ,20.2, 
212,Hastings Tract East,Sacramento Valley,163,0.02, ,0.0, ,0, ,1.3,2020-06-12,07:00,65.3, , ,60.0, ,10.7, ,4.5, ,233, ,20.0, 
212,Hastings Tract East,Sacramento Valley,163,0.02, ,0.0, ,0, ,1.3,2020-06-12,08:00,64.04, , ,64.0, ,10.8, ,4.8, ,234, ,19.8, 
212,Hastings Tract East,Sacramento Valley,164,0.0, ,0.0, ,0, ,1.3,2020-06-12,09:00,62.6, , ,69.0, ,11.3, ,4.2, ,229, ,19.6, 
212,Hastings Tract East,Sacramento Valley,164,0.0, ,0.0, ,0, ,1.4,2020-06-12,10:00,61.88, , ,75.0, ,12.2, ,4.0, ,238, ,19.4, 
212,Hastings Tract East,Sacramento Valley,164,0.0, ,0.0, ,0, ,1.4,2020-06-12,11:00,60.440000000000005, , ,78.0, ,12.1, ,4.1, ,243, ,19.2, 
212,Hastings Tract East,Sacramento Valley,164,0.0, ,0.0, ,0, ,1.3,2020-06-12,12:00,59.72, , ,77.0, ,11.4, ,4.9, ,236, ,19.0, 
212,Hastings Tract East,Sacramento Valley,164,0.0, ,0.0, ,2, ,1.3,2020-06-12,13:00,58.459999999999994, , ,79.0, ,11.1, ,5.2, ,235, ,18.8, 
212,Hastings Tract East,Sacramento Valley,164,0.03, ,0.0, ,75, ,1.3,2020-06-12,14:00,58.64, , ,80.0, ,11.4, ,5.5, ,238, ,18.6, 
212,Hastings Tract East,Sacramento Valley,164,0.24, ,0.0, ,360,Y,1.4,2020-06-12,15:00,63.32, , ,69.0, ,11.6, ,5.7, ,237, ,18.4, 
212,Hastings Tract East,Sacramento Valley,164,0.38, ,0.0, ,466, ,1.4,2020-06-12,16:00,65.66, , ,63.0, ,11.5, ,6.6, ,240, ,18.3, 
212,Hastings Tract East,Sacramento Valley,164,0.33, ,0.0, ,402, ,1.4,2020-06-12,17:00,65.12, , ,64.0, ,11.5, ,6.3, ,238, ,18.2, 
212,Hastings Tract East,Sacramento Valley,164,0.53, ,0.0, ,634, ,1.3,2020-06-12,18:00,67.82, , ,56.0, ,11.0, ,6.6, ,240, ,18.2, 
212,Hastings Tract East,Sacramento Valley,164,0.52, ,0.0, ,604, ,1.3,2020-06-12,19:00,69.44, , ,53.0, ,10.9, ,6.3, ,243, ,18.2, 
212,Hastings Tract East,Sacramento Valley,164,0.76, ,0.0, ,883, ,1.3,2020-06-12,20:00,71.96, , ,49.0, ,10.9, ,6.9, ,243, ,18.2, 
212,Hastings Tract East,Sacramento Valley,164,0.61, ,0.0, ,696, ,1.3,2020-06-12,21:00,71.24000000000001, , ,49.0, ,10.7, ,6.8, ,236, ,18.3, 
212,Hastings Tract East,Sacramento Valley,164,0.36, ,0.0, ,424, ,1.3,2020-06-12,22:00,68.36, , ,55.0, ,10.8, ,6.8, ,231, ,18.5, 
212,Hastings Tract East,Sacramento Valley,164,0.52, ,0.0, ,574, ,1.3,2020-06-12,23:00,70.52, , ,50.0, ,10.7, ,6.5, ,232, ,18.6, 
212,Hastings Tract East,Sacramento Valley,164,0.59, ,0.0, ,707, ,1.3,2020-06-13,00:00,71.6, , ,50.0, ,11.1, ,6.8, ,234, ,18.7, 
212,Hastings Tract East,Sacramento Valley,164,0.5, ,0.0, ,531, ,1.2,2020-06-13,01:00,70.34, , ,48.0, ,9.9, ,7.8, ,233, ,18.8, 
212,Hastings Tract East,Sacramento Valley,164,0.37, ,0.0, ,320, ,1.1,2020-06-13,02:00,67.64, , ,49.0, ,8.8, ,8.4, ,237, ,18.9, 
212,Hastings Tract East,Sacramento Valley,164,0.2, ,0.0, ,133, ,1.1,2020-06-13,03:00,64.58, , ,51.0, ,7.7, ,8.0, ,239, ,19.0, 
212,Hastings Tract East,Sacramento Valley,164,0.07, ,0.0, ,12, ,1.1,2020-06-13,04:00,60.980000000000004, , ,61.0, ,8.7, ,6.8, ,237, ,18.9, 
212,Hastings Tract East,Sacramento Valley,164,0.02, ,0.0, ,0, ,1.2,2020-06-13,05:00,58.82, , ,71.0, ,9.6, ,5.2, ,227, ,18.8, 
212,Hastings Tract East,Sacramento Valley,164,0.01, ,0.0, ,0, ,1.2,2020-06-13,06:00,57.2, , ,75.0, ,9.6, ,5.3, ,231, ,18.6, 
212,Hastings Tract East,Sacramento Valley,164,0.01, ,0.0, ,0, ,1.2,2020-06-13,07:00,56.48, , ,77.0, ,9.6, ,5.7, ,231, ,18.4, 
212,Hastings Tract East,Sacramento Valley,164,0.01, ,0.0, ,0, ,1.2,2020-06-13,08:00,56.3, , ,76.0, ,9.4, ,6.0, ,236, ,18.2, 
212,Hastings Tract East,Sacramento Valley,165,0.03, ,0.0, ,0, ,1.2,2020-06-13,09:00,55.58, , ,78.0, ,9.4, ,5.3, ,235, ,18.0, 
212,Hastings Tract East,Sacramento Valley,165,0.02, ,0.0, ,0, ,1.2,2020-06-13,10:00,55.22, , ,82.0, ,9.8, ,4.2, ,236, ,17.8, 
212,Hastings Tract East,Sacramento Valley,165,0.01, ,0.0, ,0, ,1.2,2020-06-13,11:00,54.5, , ,85.0, ,10.1, ,4.5, ,234, ,17.6, 
212,Hastings Tract East,Sacramento Valley,165,0.01, ,0.0, ,0, ,1.2,2020-06-13,12:00,54.32, , ,85.0, ,9.9, ,5.0, ,230, ,17.4, 
212,Hastings Tract East,Sacramento Valley,165,0.01, ,0.0, ,3, ,1.2,2020-06-13,13:00,54.5, , ,85.0, ,9.9, ,4.7, ,233, ,17.2, 
212,Hastings Tract East,Sacramento Valley,165,0.04, ,0.0, ,41, ,1.2,2020-06-13,14:00,55.22, , ,83.0, ,10.0, ,4.1, ,233, ,17.1, 
212,Hastings Tract East,Sacramento Valley,165,0.11, ,0.0, ,120, ,1.2,2020-06-13,15:00,56.84, , ,78.0, ,10.1, ,4.5, ,239, ,17.0, 
212,Hastings Tract East,Sacramento Valley,165,0.16, ,0.0, ,209, ,1.2,2020-06-13,16:00,59.540000000000006, , ,69.0, ,9.6, ,4.2, ,242, ,16.9, 
212,Hastings Tract East,Sacramento Valley,165,0.44, ,0.0, ,619, ,1.2,2020-06-13,17:00,64.22, , ,57.0, ,9.4, ,3.9, ,239, ,16.8, 
212,Hastings Tract East,Sacramento Valley,165,0.59, ,0.0, ,825, ,1.1,2020-06-13,18:00,67.64, , ,49.0, ,8.7, ,4.2, ,244, ,16.8, 
212,Hastings Tract East,Sacramento Valley,165,0.67, ,0.0, ,856, ,1.1,2020-06-13,19:00,69.98, , ,45.0, ,8.5, ,4.3, ,234, ,16.9, 
212,Hastings Tract East,Sacramento Valley,165,0.54, ,0.0, ,672, ,1.0,2020-06-13,20:00,70.88, , ,40.0, ,7.4, ,3.8, ,244, ,17.0, 
212,Hastings Tract East,Sacramento Valley,165,0.69, ,0.0, ,838, ,1.1,2020-06-13,21:00,72.86, , ,39.0, ,7.9, ,4.0, ,236, ,17.2, 
212,Hastings Tract East,Sacramento Valley,165,0.8, ,0.0, ,967, ,1.1,2020-06-13,22:00,74.48, , ,36.0, ,7.8, ,5.2, ,226, ,17.5, 
212,Hastings Tract East,Sacramento Valley,165,0.71, ,0.0, ,847, ,1.1,2020-06-13,23:00,74.48, , ,36.0, ,7.8, ,5.3, ,220, ,17.8, 
212,Hastings Tract East,Sacramento Valley,165,0.6, ,0.0, ,702, ,1.1,2020-06-14,00:00,73.94, , ,38.0, ,8.4, ,5.7, ,228, ,18.2, 
212,Hastings Tract East,Sacramento Valley,165,0.47, ,0.0, ,524, ,1.1,2020-06-14,01:00,73.22, , ,40.0, ,8.5, ,5.1, ,229, ,18.5, 
212,Hastings Tract East,Sacramento Valley,165,0.34, ,0.0, ,324, ,1.1,2020-06-14,02:00,71.06, , ,42.0, ,8.4, ,5.6, ,232, ,18.8, 
212,Hastings Tract East,Sacramento Valley,165,0.17, ,0.0, ,126, ,1.1,2020-06-14,03:00,67.1, , ,47.0, ,7.9, ,6.0, ,237, ,18.9, 
212,Hastings Tract East,Sacramento Valley,165,0.07, ,0.0, ,11, ,1.1,2020-06-14,04:00,62.959999999999994, , ,54.0, ,7.9, ,5.2, ,238, ,19.0, 
212,Hastings Tract East,Sacramento Valley,165,0.05, ,0.0, ,0, ,1.1,2020-06-14,05:00,61.16, , ,61.0, ,8.8, ,6.0, ,238, ,18.9, 
212,Hastings Tract East,Sacramento Valley,165,0.04, ,0.0, ,0, ,1.1,2020-06-14,06:00,59.9, , ,64.0, ,8.7, ,5.7, ,241, ,18.7, 
212,Hastings Tract East,Sacramento Valley,165,0.04, ,0.0, ,0, ,1.1,2020-06-14,07:00,59.0, , ,66.0, ,8.7, ,5.7, ,238, ,18.5, 
212,Hastings Tract East,Sacramento Valley,165,0.03, ,0.0, ,0, ,1.1,2020-06-14,08:00,58.28, , ,66.0, ,8.3, ,5.1, ,238, ,18.3, 
212,Hastings Tract East,Sacramento Valley,166,0.03, ,0.0, ,0, ,1.1,2020-06-14,09:00,57.92, , ,68.0, ,8.5, ,5.2, ,237, ,18.1, 
212,Hastings Tract East,Sacramento Valley,166,0.01, ,0.0, ,0, ,1.2,2020-06-14,10:00,57.74, , ,75.0, ,9.8, ,4.8, ,235, ,17.9, 
212,Hastings Tract East,Sacramento Valley,166,0.0, ,0.0, ,0, ,1.3,2020-06-14,11:00,57.56, , ,81.0, ,10.9, ,4.4, ,235, ,17.7, 
212,Hastings Tract East,Sacramento Valley,166,0.0, ,0.0, ,0, ,1.3,2020-06-14,12:00,57.2, , ,83.0, ,11.0, ,4.0, ,235, ,17.6, 
212,Hastings Tract East,Sacramento Valley,166,0.0, ,0.0, ,7, ,1.3,2020-06-14,13:00,56.3, , ,84.0, ,10.8, ,3.4, ,241, ,17.4, 
212,Hastings Tract East,Sacramento Valley,166,0.03, ,0.0, ,90, ,1.4,2020-06-14,14:00,57.56, , ,86.0, ,11.8, ,3.5, ,241, ,17.3, 
212,Hastings Tract East,Sacramento Valley,166,0.18, ,0.0, ,277, ,1.4,2020-06-14,15:00,60.980000000000004, , ,76.0, ,11.9, ,3.8, ,242, ,17.2, 
212,Hastings Tract East,Sacramento Valley,166,0.33, ,0.0, ,474, ,1.4,2020-06-14,16:00,65.84, , ,65.0, ,12.0, ,3.3, ,243, ,17.1, 
212,Hastings Tract East,Sacramento Valley,166,0.45, ,0.0, ,653, ,1.4,2020-06-14,17:00,69.8, , ,56.0, ,11.7, ,2.0, ,290, ,17.1, 
212,Hastings Tract East,Sacramento Valley,166,0.56, ,0.0, ,796, ,1.4,2020-06-14,18:00,73.04, , ,50.0, ,11.8, ,1.9, ,301, ,17.1, 
212,Hastings Tract East,Sacramento Valley,166,0.66, ,0.0, ,914, ,1.4,2020-06-14,19:00,75.2, , ,46.0, ,11.7, ,1.8, ,288, ,17.3, 
212,Hastings Tract East,Sacramento Valley,166,0.72, ,0.0, ,968, ,1.4,2020-06-14,20:00,78.25999999999999, , ,41.0, ,11.7, ,2.0, ,329, ,17.5, 
212,Hastings Tract East,Sacramento Valley,166,0.74, ,0.0, ,965, ,1.4,2020-06-14,21:00,80.78, , ,38.0, ,11.7, ,2.0, ,339, ,17.8, 
212,Hastings Tract East,Sacramento Valley,166,0.7, ,0.0, ,925, ,1.4,2020-06-14,22:00,81.5, , ,39.0, ,12.4, ,1.8, ,271, ,18.2, 
212,Hastings Tract East,Sacramento Valley,166,0.63, ,0.0, ,831, ,1.4,2020-06-14,23:00,83.48, , ,37.0, ,12.5, ,1.6, ,307, ,18.7, 
212,Hastings Tract East,Sacramento Valley,166,0.55, ,0.0, ,702, ,1.4,2020-06-15,00:00,84.91999999999999, , ,35.0, ,12.2, ,2.0, ,316, ,19.3, 
212,Hastings Tract East,Sacramento Valley,166,0.46, ,0.0, ,465, ,1.6,2020-06-15,01:00,80.78, , ,45.0, ,14.1, ,5.0, ,242, ,19.9, 
212,Hastings Tract East,Sacramento Valley,166,0.35, ,0.0, ,324, ,1.5,2020-06-15,02:00,77.18, , ,48.0, ,13.3, ,5.7, ,245, ,20.3, 
212,Hastings Tract East,Sacramento Valley,166,0.12, ,0.0, ,74, ,1.5,2020-06-15,03:00,72.5, , ,53.0, ,12.5, ,5.2, ,237, ,20.5, 
212,Hastings Tract East,Sacramento Valley,166,0.06, ,0.0, ,12, ,1.4,2020-06-15,04:00,68.54, , ,60.0, ,12.4, ,5.3, ,235, ,20.5, 
212,Hastings Tract East,Sacramento Valley,166,0.03, ,0.0, ,0, ,1.4,2020-06-15,05:00,65.84, , ,67.0, ,12.5, ,4.2, ,231, ,20.4, 
212,Hastings Tract East,Sacramento Valley,166,0.02, ,0.0, ,0, ,1.4,2020-06-15,06:00,64.58, , ,68.0, ,12.1, ,4.0, ,232, ,20.3, 
212,Hastings Tract East,Sacramento Valley,166,0.02, ,0.0, ,0, ,1.4,2020-06-15,07:00,64.4, , ,68.0, ,12.0, ,4.1, ,230, ,20.0, 
212,Hastings Tract East,Sacramento Valley,166,0.02, ,0.0, ,0, ,1.4,2020-06-15,08:00,63.32, , ,71.0, ,12.0, ,4.1, ,232, ,19.8, 
212,Hastings Tract East,Sacramento Valley,167,0.02, ,0.0, ,0, ,1.4,2020-06-15,09:00,63.32, , ,71.0, ,12.1, ,4.2, ,238, ,19.6, 
212,Hastings Tract East,Sacramento Valley,167,0.02, ,0.0, ,0, ,1.4,2020-06-15,10:00,62.959999999999994, , ,72.0, ,12.1, ,4.0, ,234, ,19.4, 
212,Hastings Tract East,Sacramento Valley,167,0.02, ,0.0, ,0, ,1.4,2020-06-15,11:00,62.6, , ,73.0, ,12.1, ,3.9, ,233, ,19.2, 
212,Hastings Tract East,Sacramento Valley,167,0.02, ,0.0, ,0, ,1.4,2020-06-15,12:00,62.059999999999995, , ,73.0, ,11.9, ,4.1, ,239, ,19.0, 
212,Hastings Tract East,Sacramento Valley,167,0.02, ,0.0, ,4, ,1.3,2020-06-15,13:00,61.7, , ,70.0, ,11.1, ,3.9, ,234, ,18.8, 
212,Hastings Tract East,Sacramento Valley,167,0.08, ,0.0, ,95, ,1.3,2020-06-15,14:00,62.78, , ,66.0, ,10.8, ,4.4, ,232, ,18.7, 
212,Hastings Tract East,Sacramento Valley,167,0.24, ,0.0, ,261, ,1.3,2020-06-15,15:00,66.56, , ,57.0, ,10.6, ,4.8, ,233, ,18.6, 
212,Hastings Tract East,Sacramento Valley,167,0.33, ,0.0, ,369, ,1.3,2020-06-15,16:00,69.25999999999999, , ,53.0, ,10.8, ,4.9, ,237, ,18.4, 
212,Hastings Tract East,Sacramento Valley,167,0.41, ,0.0, ,463, ,1.4,2020-06-15,17:00,71.42, , ,52.0, ,11.5, ,5.3, ,238, ,18.4, 
212,Hastings Tract East,Sacramento Valley,167,0.39, ,0.0, ,432, ,1.4,2020-06-15,18:00,71.42, , ,53.0, ,11.8, ,5.7, ,240, ,18.4, 
212,Hastings Tract East,Sacramento Valley,167,0.79, ,0.0, ,914, ,1.5,2020-06-15,19:00,76.82, , ,48.0, ,13.1, ,7.0, ,245, ,18.5, 
212,Hastings Tract East,Sacramento Valley,167,0.79, ,0.0, ,837, ,1.5,2020-06-15,20:00,79.16, , ,44.0, ,13.2, ,6.6, ,236, ,18.6, 
212,Hastings Tract East,Sacramento Valley,167,0.76, ,0.0, ,778, ,1.6,2020-06-15,21:00,79.88, , ,45.0, ,13.6, ,7.1, ,241, ,18.9, 
212,Hastings Tract East,Sacramento Valley,167,0.7, ,0.0, ,710, ,1.5,2020-06-15,22:00,80.78, , ,42.0, ,13.1, ,6.3, ,233, ,19.1, 
212,Hastings Tract East,Sacramento Valley,167,0.78, ,0.0, ,826, ,1.5,2020-06-15,23:00,80.42, , ,42.0, ,12.9, ,7.5, ,235, ,19.5, 
212,Hastings Tract East,Sacramento Valley,167,0.63, ,0.0, ,595, ,1.4,2020-06-16,00:00,78.25999999999999, , ,42.0, ,11.7, ,7.5, ,236, ,19.8, 
212,Hastings Tract East,Sacramento Valley,167,0.45, ,0.0, ,399, ,1.4,2020-06-16,01:00,74.48, , ,47.0, ,11.6, ,7.7, ,241, ,20.1, 
212,Hastings Tract East,Sacramento Valley,167,0.36, ,0.0, ,324, ,1.4,2020-06-16,02:00,71.78, , ,51.0, ,11.5, ,7.3, ,229, ,20.3, 
212,Hastings Tract East,Sacramento Valley,167,0.18, ,0.0, ,132, ,1.3,2020-06-16,03:00,68.72, , ,55.0, ,11.1, ,6.9, ,230, ,20.3, 
212,Hastings Tract East,Sacramento Valley,167,0.09, ,0.0, ,14, ,1.2,2020-06-16,04:00,65.12, , ,59.0, ,10.1, ,6.9, ,234, ,20.3, 
212,Hastings Tract East,Sacramento Valley,167,0.05, ,0.0, ,0, ,1.3,2020-06-16,05:00,63.32, , ,64.0, ,10.4, ,6.3, ,236, ,20.2, 
212,Hastings Tract East,Sacramento Valley,167,0.03, ,0.0, ,0, ,1.3,2020-06-16,06:00,62.24, , ,67.0, ,10.7, ,5.2, ,230, ,19.9, 
212,Hastings Tract East,Sacramento Valley,167,0.04, ,0.0, ,0, ,1.2,2020-06-16,07:00,61.519999999999996, , ,66.0, ,10.0, ,5.4, ,233, ,19.7, 
212,Hastings Tract East,Sacramento Valley,167,0.03, ,0.0, ,0, ,1.2,2020-06-16,08:00,59.9, , ,68.0, ,9.6, ,5.2, ,240, ,19.5, 
212,Hastings Tract East,Sacramento Valley,168,0.02, ,0.0, ,0, ,1.2,2020-06-16,09:00,58.64, , ,69.0, ,9.1, ,5.0, ,236, ,19.2, 
212,Hastings Tract East,Sacramento Valley,168,0.02, ,0.0, ,0, ,1.1,2020-06-16,10:00,57.74, , ,69.0, ,8.8, ,5.1, ,237, ,19.0, 
212,Hastings Tract East,Sacramento Valley,168,0.01, ,0.0, ,0, ,1.1,2020-06-16,11:00,56.66, , ,72.0, ,8.7, ,4.6, ,234, ,18.7, 
212,Hastings Tract East,Sacramento Valley,168,0.01, ,0.0, ,0, ,1.1,2020-06-16,12:00,56.48, , ,71.0, ,8.5, ,4.3, ,234, ,18.5, 
212,Hastings Tract East,Sacramento Valley,168,0.01, ,0.0, ,6, ,1.1,2020-06-16,13:00,55.22, , ,75.0, ,8.7, ,4.2, ,239, ,18.3, 
212,Hastings Tract East,Sacramento Valley,168,0.05, ,0.0, ,103, ,1.1,2020-06-16,14:00,56.3, , ,74.0, ,8.9, ,3.8, ,241, ,18.1, 
212,Hastings Tract East,Sacramento Valley,168,0.21, ,0.0, ,287, ,1.2,2020-06-16,15:00,60.440000000000005, , ,65.0, ,9.2, ,4.1, ,236, ,17.9, 
212,Hastings Tract East,Sacramento Valley,168,0.34, ,0.0, ,495, ,1.1,2020-06-16,16:00,65.12, , ,54.0, ,9.0, ,3.7, ,259, ,17.7, 
212,Hastings Tract East,Sacramento Valley,168,0.47, ,0.0, ,684, ,1.0,2020-06-16,17:00,69.25999999999999, , ,41.0, ,7.1, ,2.8, ,298, ,17.7, 
212,Hastings Tract East,Sacramento Valley,168,0.59, ,0.0, ,832, ,1.0,2020-06-16,18:00,72.14, , ,37.0, ,7.0, ,2.2, ,309, ,17.7, 
212,Hastings Tract East,Sacramento Valley,168,0.67, ,0.0, ,930, ,1.1,2020-06-16,19:00,73.22, , ,39.0, ,8.1, ,2.2, ,269, ,17.8, 
212,Hastings Tract East,Sacramento Valley,168,0.71, ,0.0, ,976, ,1.1,2020-06-16,20:00,75.02, , ,38.0, ,8.7, ,2.1, ,231, ,18.0, 
212,Hastings Tract East,Sacramento Valley,168,0.74, ,0.0, ,991, ,1.1,2020-06-16,21:00,75.92, , ,36.0, ,8.5, ,2.2, ,243, ,18.3, 
212,Hastings Tract East,Sacramento Valley,168,0.72, ,0.0, ,931, ,1.1,2020-06-16,22:00,78.44, , ,32.0, ,7.8, ,2.7, ,221, ,18.7, 
212,Hastings Tract East,Sacramento Valley,168,0.69, ,0.0, ,853, ,1.1,2020-06-16,23:00,79.16, , ,33.0, ,8.8, ,3.5, ,226, ,19.2, 
212,Hastings Tract East,Sacramento Valley,168,0.57, ,0.0, ,715, ,1.1,2020-06-17,00:00,79.34, , ,33.0, ,8.8, ,3.2, ,223, ,19.8, 
212,Hastings Tract East,Sacramento Valley,168,0.45, ,0.0, ,537, ,1.2,2020-06-17,01:00,78.25999999999999, , ,35.0, ,9.0, ,3.6, ,242, ,20.3, 
212,Hastings Tract East,Sacramento Valley,168,0.34, ,0.0, ,334, ,1.2,2020-06-17,02:00,75.92, , ,39.0, ,9.4, ,4.4, ,236, ,20.6, 
212,Hastings Tract East,Sacramento Valley,168,0.2, ,0.0, ,140, ,1.2,2020-06-17,03:00,72.32, , ,45.0, ,9.8, ,4.3, ,226, ,20.8, 
212,Hastings Tract East,Sacramento Valley,168,0.07, ,0.0, ,14, ,1.2,2020-06-17,04:00,67.46, , ,53.0, ,10.0, ,4.0, ,237, ,20.8, 
212,Hastings Tract East,Sacramento Valley,168,0.04, ,0.0, ,0, ,1.2,2020-06-17,05:00,64.75999999999999, , ,59.0, ,10.0, ,3.9, ,243, ,20.7, 
212,Hastings Tract East,Sacramento Valley,168,0.03, ,0.0, ,0, ,1.3,2020-06-17,06:00,62.959999999999994, , ,65.0, ,10.5, ,3.5, ,243, ,20.5, 
212,Hastings Tract East,Sacramento Valley,168,0.02, ,0.0, ,0, ,1.3,2020-06-17,07:00,60.980000000000004, , ,69.0, ,10.5, ,3.2, ,242, ,20.3, 
212,Hastings Tract East,Sacramento Valley,168,0.0, ,0.0, ,0, ,1.3,2020-06-17,08:00,59.18, , ,74.0, ,10.6, ,2.4, ,253, ,20.0, 
212,Hastings Tract East,Sacramento Valley,169,0.0, ,0.0, ,0, ,1.3,2020-06-17,09:00,56.48, , ,82.0, ,10.5, ,1.6, ,270, ,19.7, 
212,Hastings Tract East,Sacramento Valley,169,0.0, ,0.0, ,0, ,1.1,2020-06-17,10:00,58.82, , ,63.0, ,8.0, ,1.9, ,310, ,19.5, 
212,Hastings Tract East,Sacramento Valley,169,0.04, ,0.0, ,0, ,0.9,2020-06-17,11:00,64.58, , ,43.0, ,5.3, ,3.1, ,339, ,19.3, 
212,Hastings Tract East,Sacramento Valley,169,0.04, ,0.0, ,0, ,0.9,2020-06-17,12:00,64.22, , ,43.0, ,5.0, ,3.1, ,341, ,19.0, 
212,Hastings Tract East,Sacramento Valley,169,0.05, ,0.0, ,7, ,0.8,2020-06-17,13:00,63.5, , ,42.0, ,4.5, ,3.1, ,341, ,18.8, 
212,Hastings Tract East,Sacramento Valley,169,0.1, ,0.0, ,108, ,0.9,2020-06-17,14:00,64.4, , ,42.0, ,4.7, ,3.5, ,342, ,18.6, 
212,Hastings Tract East,Sacramento Valley,169,0.29, ,0.0, ,298, ,0.9,2020-06-17,15:00,66.92, , ,39.0, ,5.1, ,4.7, ,345, ,18.5, 
212,Hastings Tract East,Sacramento Valley,169,0.41, ,0.0, ,505, ,0.9,2020-06-17,16:00,69.98, , ,36.0, ,5.5, ,4.6, ,341, ,18.4, 
212,Hastings Tract East,Sacramento Valley,169,0.56, ,0.0, ,692, ,0.9,2020-06-17,17:00,73.04, , ,34.0, ,5.9, ,4.6, ,347, ,18.3, 
212,Hastings Tract East,Sacramento Valley,169,0.68, ,0.0, ,841, ,0.9,2020-06-17,18:00,75.74000000000001, , ,30.0, ,5.8, ,4.0, ,341, ,18.3, 
212,Hastings Tract East,Sacramento Valley,169,0.79, ,0.0, ,948, ,0.9,2020-06-17,19:00,78.44, , ,27.0, ,5.6, ,3.9, ,344, ,18.4, 
212,Hastings Tract East,Sacramento Valley,169,0.83, ,0.0, ,1006, ,0.9,2020-06-17,20:00,80.6, , ,26.0, ,5.7, ,3.5, ,335, ,18.6, 
212,Hastings Tract East,Sacramento Valley,169,0.88, ,0.0, ,1014, ,0.9,2020-06-17,21:00,83.3, , ,22.0, ,4.9, ,4.0, ,339, ,18.8, 
212,Hastings Tract East,Sacramento Valley,169,0.84, ,0.0, ,969, ,0.9,2020-06-17,22:00,85.46000000000001, , ,22.0, ,5.5, ,3.4, ,330, ,19.1, 
212,Hastings Tract East,Sacramento Valley,169,0.77, ,0.0, ,874, ,0.9,2020-06-17,23:00,86.72, , ,20.0, ,5.1, ,3.5, ,331, ,19.6, 
212,Hastings Tract East,Sacramento Valley,169,0.65, ,0.0, ,736, ,0.8,2020-06-18,00:00,87.98, , ,18.0, ,4.1, ,3.2, ,345, ,20.2, 
212,Hastings Tract East,Sacramento Valley,169,0.48, ,0.0, ,557, ,0.8,2020-06-18,01:00,88.16, , ,18.0, ,4.0, ,2.9, ,339, ,20.7, 
212,Hastings Tract East,Sacramento Valley,169,0.32, ,0.0, ,352, ,0.9,2020-06-18,02:00,87.44, , ,21.0, ,5.8, ,2.0, ,327, ,21.1, 
212,Hastings Tract East,Sacramento Valley,169,0.15, ,0.0, ,150, ,1.2,2020-06-18,03:00,83.84, , ,29.0, ,9.3, ,1.1, ,305, ,21.3, 
212,Hastings Tract East,Sacramento Valley,169,0.05, ,0.0, ,16, ,1.1,2020-06-18,04:00,71.96, , ,42.0, ,8.6, ,1.7, ,252, ,21.4, 
212,Hastings Tract East,Sacramento Valley,169,0.06, ,0.0, ,0, ,0.9,2020-06-18,05:00,68.72, , ,39.0, ,5.9, ,2.6, ,238, ,21.4, 
212,Hastings Tract East,Sacramento Valley,169,0.05, ,0.0, ,0, ,1.0,2020-06-18,06:00,66.56, , ,44.0, ,6.6, ,2.7, ,233, ,21.3, 
212,Hastings Tract East,Sacramento Valley,169,0.06, ,0.0, ,0, ,1.1,2020-06-18,07:00,67.1, , ,47.0, ,7.8, ,3.3, ,240, ,21.0, 
212,Hastings Tract East,Sacramento Valley,169,0.05, ,0.0, ,0, ,1.1,2020-06-18,08:00,66.74000000000001, , ,47.0, ,7.9, ,3.0, ,249, ,20.7, 
212,Hastings Tract East,Sacramento Valley,170,0.02, ,0.0, ,0, ,1.1,2020-06-18,09:00,63.86, , ,54.0, ,8.3, ,2.4, ,260, ,20.4, 
212,Hastings Tract East,Sacramento Valley,170,0.01, ,0.0, ,0, ,1.1,2020-06-18,10:00,61.34, , ,57.0, ,7.7, ,2.1, ,255, ,20.1, 
212,Hastings Tract East,Sacramento Valley,170,0.0, ,0.0, ,0, ,1.0,2020-06-18,11:00,58.64, , ,59.0, ,6.7, ,1.4, ,274, ,19.9, 
212,Hastings Tract East,Sacramento Valley,170,0.0, ,0.0, ,0, ,1.0,2020-06-18,12:00,59.0, , ,58.0, ,6.8, ,1.0, ,309, ,19.6, 
212,Hastings Tract East,Sacramento Valley,170,0.0, ,0.0, ,6, ,1.0,2020-06-18,13:00,55.4, , ,66.0, ,6.9, ,1.0, ,279, ,19.4, 
212,Hastings Tract East,Sacramento Valley,170,0.03, ,0.0, ,105, ,1.0,2020-06-18,14:00,57.74, , ,63.0, ,7.5, ,1.2, ,313, ,19.2, 
212,Hastings Tract East,Sacramento Valley,170,0.19, ,0.0, ,293, ,1.2,2020-06-18,15:00,66.2, , ,53.0, ,9.3, ,1.2, ,340, ,18.9, 
212,Hastings Tract East,Sacramento Valley,170,0.34, ,0.0, ,499, ,1.2,2020-06-18,16:00,75.02, , ,39.0, ,9.2, ,1.7, ,360, ,18.8, 
212,Hastings Tract East,Sacramento Valley,170,0.5, ,0.0, ,683, ,1.1,2020-06-18,17:00,79.7, , ,32.0, ,8.2, ,1.8, ,341, ,18.6, 
212,Hastings Tract East,Sacramento Valley,170,0.67, ,0.0, ,836, ,1.0,2020-06-18,18:00,82.94, , ,26.0, ,7.0, ,2.5, ,0, ,18.6, 
212,Hastings Tract East,Sacramento Valley,170,0.78, ,0.0, ,942, ,1.0,2020-06-18,19:00,85.46000000000001, , ,23.0, ,6.3, ,2.5, ,345, ,18.7, 
212,Hastings Tract East,Sacramento Valley,170,0.83, ,0.0, ,988, ,0.9,2020-06-18,20:00,87.8, , ,20.0, ,5.8, ,2.5, ,331, ,18.8, 
212,Hastings Tract East,Sacramento Valley,170,0.87, ,0.0, ,996, ,0.9,2020-06-18,21:00,90.32, , ,19.0, ,5.8, ,3.0, ,2, ,19.1, 
212,Hastings Tract East,Sacramento Valley,170,0.83, ,0.0, ,956, ,0.9,2020-06-18,22:00,91.76, , ,18.0, ,5.6, ,2.6, ,345, ,19.4, 
212,Hastings Tract East,Sacramento Valley,170,0.77, ,0.0, ,871, ,0.9,2020-06-18,23:00,93.91999999999999, , ,17.0, ,5.7, ,2.7, ,356, ,19.9, 
212,Hastings Tract East,Sacramento Valley,170,0.64, ,0.0, ,726, ,0.8,2020-06-19,00:00,95.0, , ,14.0, ,4.0, ,2.6, ,0, ,20.4, 
212,Hastings Tract East,Sacramento Valley,170,0.48, ,0.0, ,553, ,0.9,2020-06-19,01:00,94.82, , ,15.0, ,4.8, ,2.5, ,9, ,20.9, 
212,Hastings Tract East,Sacramento Valley,170,0.36, ,0.0, ,345, ,1.0,2020-06-19,02:00,90.5, , ,20.0, ,6.9, ,2.7, ,248, ,21.3, 
212,Hastings Tract East,Sacramento Valley,170,0.22, ,0.0, ,78, ,1.1,2020-06-19,03:00,82.22, , ,28.0, ,7.7, ,3.6, ,241, ,21.6, 
212,Hastings Tract East,Sacramento Valley,170,0.13, ,0.0, ,6, ,1.0,2020-06-19,04:00,77.0, , ,31.0, ,6.7, ,3.2, ,230, ,21.7, 
212,Hastings Tract East,Sacramento Valley,170,0.11, ,0.0, ,0, ,1.0,2020-06-19,05:00,73.58, , ,35.0, ,7.0, ,3.3, ,232, ,21.7, 
212,Hastings Tract East,Sacramento Valley,170,0.08, ,0.0, ,0, ,1.0,2020-06-19,06:00,69.98, , ,40.0, ,7.0, ,2.7, ,232, ,21.6, 
212,Hastings Tract East,Sacramento Valley,170,0.08, ,0.0, ,0, ,1.0,2020-06-19,07:00,68.36, , ,42.0, ,6.9, ,2.7, ,234, ,21.4, 
212,Hastings Tract East,Sacramento Valley,170,0.08, ,0.0, ,0, ,1.1,2020-06-19,08:00,67.46, , ,46.0, ,7.9, ,3.3, ,237, ,21.2, 
212,Hastings Tract East,Sacramento Valley,171,0.04, ,0.0, ,0, ,1.2,2020-06-19,09:00,66.56, , ,53.0, ,9.3, ,3.3, ,245, ,21.0, 
212,Hastings Tract East,Sacramento Valley,171,0.05, ,0.0, ,0, ,1.1,2020-06-19,10:00,65.84, , ,52.0, ,8.9, ,3.7, ,240, ,20.8, 
212,Hastings Tract East,Sacramento Valley,171,0.05, ,0.0, ,0, ,1.1,2020-06-19,11:00,64.75999999999999, , ,55.0, ,9.0, ,4.0, ,250, ,20.6, 
212,Hastings Tract East,Sacramento Valley,171,0.03, ,0.0, ,0, ,1.2,2020-06-19,12:00,62.24, , ,63.0, ,9.8, ,4.1, ,249, ,20.3, 
212,Hastings Tract East,Sacramento Valley,171,0.01, ,0.0, ,5, ,1.2,2020-06-19,13:00,60.08, , ,68.0, ,9.7, ,2.5, ,239, ,20.1, 
212,Hastings Tract East,Sacramento Valley,171,0.06, ,0.0, ,99, ,1.2,2020-06-19,14:00,61.16, , ,68.0, ,10.2, ,3.1, ,239, ,19.9, 
212,Hastings Tract East,Sacramento Valley,171,0.24, ,0.0, ,283, ,1.3,2020-06-19,15:00,66.02, , ,59.0, ,10.7, ,4.5, ,243, ,19.7, 
212,Hastings Tract East,Sacramento Valley,171,0.4, ,0.0, ,486, ,1.3,2020-06-19,16:00,69.98, , ,53.0, ,11.2, ,5.3, ,239, ,19.6, 
212,Hastings Tract East,Sacramento Valley,171,0.54, ,0.0, ,670, ,1.3,2020-06-19,17:00,74.3, , ,46.0, ,11.3, ,4.9, ,239, ,19.4, 
212,Hastings Tract East,Sacramento Valley,171,0.68, ,0.0, ,818, ,1.3,2020-06-19,18:00,78.44, , ,40.0, ,11.3, ,4.6, ,242, ,19.4, 
212,Hastings Tract East,Sacramento Valley,171,0.8, ,0.0, ,921, ,1.3,2020-06-19,19:00,82.04, , ,36.0, ,11.1, ,4.8, ,240, ,19.4, 
212,Hastings Tract East,Sacramento Valley,171,0.87, ,0.0, ,981, ,1.4,2020-06-19,20:00,84.38000000000001, , ,34.0, ,11.5, ,4.7, ,245, ,19.5, 
212,Hastings Tract East,Sacramento Valley,171,0.91, ,0.0, ,981, ,1.2,2020-06-19,21:00,87.26, , ,28.0, ,10.1, ,5.1, ,237, ,19.7, 
212,Hastings Tract East,Sacramento Valley,171,0.9, ,0.0, ,938, ,1.2,2020-06-19,22:00,89.24, , ,26.0, ,10.1, ,5.3, ,233, ,20.0, 
212,Hastings Tract East,Sacramento Valley,171,0.85, ,0.0, ,846, ,1.3,2020-06-19,23:00,90.32, , ,26.0, ,10.5, ,5.8, ,235, ,20.4, 
212,Hastings Tract East,Sacramento Valley,171,0.73, ,0.0, ,711, ,1.4,2020-06-20,00:00,89.6, , ,30.0, ,12.2, ,5.9, ,231, ,20.8, 
212,Hastings Tract East,Sacramento Valley,171,0.58, ,0.0, ,530, ,1.5,2020-06-20,01:00,86.0, , ,35.0, ,13.0, ,6.3, ,232, ,21.1, 
212,Hastings Tract East,Sacramento Valley,171,0.42, ,0.0, ,334, ,1.5,2020-06-20,02:00,81.14, , ,40.0, ,12.7, ,6.6, ,231, ,21.4, 
212,Hastings Tract East,Sacramento Valley,171,0.27, ,0.0, ,137, ,1.4,2020-06-20,03:00,75.92, , ,46.0, ,12.0, ,6.8, ,231, ,21.5, 
212,Hastings Tract East,Sacramento Valley,171,0.11, ,0.0, ,14, ,1.4,2020-06-20,04:00,69.98, , ,55.0, ,11.7, ,6.8, ,237, ,21.6, 
212,Hastings Tract East,Sacramento Valley,171,0.06, ,0.0, ,0, ,1.4,2020-06-20,05:00,65.12, , ,67.0, ,12.2, ,6.3, ,235, ,21.5, 
212,Hastings Tract East,Sacramento Valley,171,0.03, ,0.0, ,0, ,1.5,2020-06-20,06:00,62.24, , ,76.0, ,12.5, ,6.4, ,232, ,21.4, 
212,Hastings Tract East,Sacramento Valley,171,0.01, ,0.0, ,0, ,1.5,2020-06-20,07:00,60.62, , ,82.0, ,12.9, ,6.6, ,234, ,21.1, 
212,Hastings Tract East,Sacramento Valley,171,0.01, ,0.0, ,0, ,1.5,2020-06-20,08:00,59.36, , ,86.0, ,12.8, ,6.9, ,234, ,20.9, 
212,Hastings Tract East,Sacramento Valley,172,0.0, ,0.0, ,0, ,1.5,2020-06-20,09:00,58.459999999999994, , ,89.0, ,12.8, ,6.5, ,230, ,20.6, 
212,Hastings Tract East,Sacramento Valley,172,0.0, ,0.0, ,0, ,1.5,2020-06-20,10:00,57.56, , ,90.0, ,12.6, ,7.0, ,238, ,20.4, 
212,Hastings Tract East,Sacramento Valley,172,0.0, ,0.0, ,0, ,1.4,2020-06-20,11:00,57.02, , ,90.0, ,12.3, ,6.1, ,234, ,20.1, 
212,Hastings Tract East,Sacramento Valley,172,0.0, ,0.0, ,0, ,1.4,2020-06-20,12:00,56.3, , ,92.0, ,12.2, ,6.8, ,235, ,19.9, 
212,Hastings Tract East,Sacramento Valley,172,0.0, ,0.0, ,3, ,1.4,2020-06-20,13:00,55.76, , ,94.0, ,12.2, ,5.3, ,232, ,19.6, 
212,Hastings Tract East,Sacramento Valley,172,0.02, ,0.0, ,84, ,1.4,2020-06-20,14:00,56.120000000000005, , ,93.0, ,12.2, ,4.2, ,228, ,19.4, 
212,Hastings Tract East,Sacramento Valley,172,0.19, ,0.0, ,280, ,1.4,2020-06-20,15:00,59.0, , ,82.0, ,12.0, ,6.2, ,234, ,19.1, 
212,Hastings Tract East,Sacramento Valley,172,0.33, ,0.0, ,479, ,1.4,2020-06-20,16:00,62.24, , ,74.0, ,12.1, ,6.1, ,235, ,19.0, 
212,Hastings Tract East,Sacramento Valley,172,0.47, ,0.0, ,671, ,1.4,2020-06-20,17:00,65.12, , ,68.0, ,12.4, ,6.3, ,229, ,18.8, 
212,Hastings Tract East,Sacramento Valley,172,0.61, ,0.0, ,813, ,1.5,2020-06-20,18:00,68.9, , ,61.0, ,12.7, ,6.2, ,238, ,18.7, 
212,Hastings Tract East,Sacramento Valley,172,0.74, ,0.0, ,925, ,1.5,2020-06-20,19:00,72.5, , ,55.0, ,13.1, ,6.4, ,234, ,18.7, 
212,Hastings Tract East,Sacramento Valley,172,0.8, ,0.0, ,938, ,1.5,2020-06-20,20:00,75.38, , ,51.0, ,13.3, ,6.4, ,240, ,18.7, 
212,Hastings Tract East,Sacramento Valley,172,0.83, ,0.0, ,978, ,1.6,2020-06-20,21:00,78.62, , ,46.0, ,13.6, ,5.7, ,243, ,18.9, 
212,Hastings Tract East,Sacramento Valley,172,0.83, ,0.0, ,941, ,1.5,2020-06-20,22:00,82.04, , ,41.0, ,13.5, ,5.5, ,232, ,19.1, 
212,Hastings Tract East,Sacramento Valley,172,0.77, ,0.0, ,848, ,1.5,2020-06-20,23:00,82.94, , ,40.0, ,13.4, ,5.9, ,235, ,19.3, 
212,Hastings Tract East,Sacramento Valley,172,0.64, ,0.0, ,643, ,1.6,2020-06-21,00:00,82.58, , ,41.0, ,13.7, ,5.9, ,233, ,19.7, 
212,Hastings Tract East,Sacramento Valley,172,0.54, ,0.0, ,551, ,1.6,2020-06-21,01:00,82.22, , ,41.0, ,13.5, ,6.4, ,234, ,20.0, 
212,Hastings Tract East,Sacramento Valley,172,0.4, ,0.0, ,339, ,1.5,2020-06-21,02:00,77.54, , ,46.0, ,12.9, ,6.9, ,236, ,20.2, 
212,Hastings Tract East,Sacramento Valley,172,0.23, ,0.0, ,141, ,1.4,2020-06-21,03:00,72.5, , ,53.0, ,12.4, ,6.2, ,230, ,20.3, 
212,Hastings Tract East,Sacramento Valley,172,0.09, ,0.0, ,15, ,1.4,2020-06-21,04:00,68.18, , ,60.0, ,12.2, ,6.3, ,233, ,20.3, 
212,Hastings Tract East,Sacramento Valley,172,0.06, ,0.0, ,0, ,1.4,2020-06-21,05:00,65.48, , ,66.0, ,12.1, ,6.4, ,236, ,20.2, 
212,Hastings Tract East,Sacramento Valley,172,0.04, ,0.0, ,0, ,1.4,2020-06-21,06:00,63.86, , ,71.0, ,12.4, ,5.8, ,236, ,20.1, 
212,Hastings Tract East,Sacramento Valley,172,0.03, ,0.0, ,0, ,1.5,2020-06-21,07:00,63.32, , ,74.0, ,12.7, ,5.4, ,239, ,19.9, 
212,Hastings Tract East,Sacramento Valley,172,0.02, ,0.0, ,0, ,1.5,2020-06-21,08:00,62.78, , ,76.0, ,12.7, ,4.9, ,241, ,19.7, 
212,Hastings Tract East,Sacramento Valley,173,0.01, ,0.0, ,0, ,1.5,2020-06-21,09:00,62.78, , ,77.0, ,13.0, ,4.8, ,238, ,19.4, 
212,Hastings Tract East,Sacramento Valley,173,0.01, ,0.0, ,0, ,1.5,2020-06-21,10:00,61.88, , ,80.0, ,13.1, ,4.5, ,242, ,19.2, 
212,Hastings Tract East,Sacramento Valley,173,0.01, ,0.0, ,0, ,1.5,2020-06-21,11:00,62.059999999999995, , ,79.0, ,12.9, ,4.4, ,241, ,19.1, 
212,Hastings Tract East,Sacramento Valley,173,0.0, ,0.0, ,0, ,1.5,2020-06-21,12:00,61.519999999999996, , ,81.0, ,13.1, ,4.5, ,242, ,18.9, 
212,Hastings Tract East,Sacramento Valley,173,0.0, ,0.0, ,3, ,1.5,2020-06-21,13:00,60.980000000000004, , ,84.0, ,13.3, ,4.6, ,242, ,18.7, 
212,Hastings Tract East,Sacramento Valley,173,0.05, ,0.0, ,91, ,1.6,2020-06-21,14:00,61.7, , ,84.0, ,13.7, ,4.3, ,242, ,18.6, 
212,Hastings Tract East,Sacramento Valley,173,0.19, ,0.0, ,258, ,1.6,2020-06-21,15:00,64.75999999999999, , ,77.0, ,14.1, ,4.3, ,248, ,18.5, 
212,Hastings Tract East,Sacramento Valley,173,0.34, ,0.0, ,464, ,1.7,2020-06-21,16:00,69.08, , ,68.0, ,14.5, ,4.0, ,242, ,18.4, 
212,Hastings Tract East,Sacramento Valley,173,0.5, ,0.0, ,644, ,1.7,2020-06-21,17:00,74.3, , ,59.0, ,15.0, ,4.1, ,243, ,18.3, 
212,Hastings Tract East,Sacramento Valley,173,0.63, ,0.0, ,789, ,1.8,2020-06-21,18:00,78.98, , ,52.0, ,15.5, ,3.4, ,247, ,18.3, 
212,Hastings Tract East,Sacramento Valley,173,0.71, ,0.0, ,905, ,1.8,2020-06-21,19:00,83.48, , ,45.0, ,15.4, ,2.2, ,292, ,18.4, 
212,Hastings Tract East,Sacramento Valley,173,0.75, ,0.0, ,953, ,1.8,2020-06-21,20:00,86.53999999999999, , ,42.0, ,15.9, ,1.8, ,300, ,18.6, 
212,Hastings Tract East,Sacramento Valley,173,0.78, ,0.0, ,958, ,1.8,2020-06-21,21:00,89.24, , ,38.0, ,15.6, ,2.0, ,277, ,18.9, 
212,Hastings Tract East,Sacramento Valley,173,0.82, ,0.0, ,925, ,1.8,2020-06-21,22:00,91.03999999999999, , ,36.0, ,15.8, ,3.6, ,244, ,19.2, 
212,Hastings Tract East,Sacramento Valley,173,0.78, ,0.0, ,838, ,1.7,2020-06-21,23:00,90.5, , ,36.0, ,15.3, ,4.8, ,234, ,19.7, 
212,Hastings Tract East,Sacramento Valley,173,0.69, ,0.0, ,707, ,1.7,2020-06-22,00:00,89.06, , ,36.0, ,14.7, ,5.4, ,234, ,20.1, 
212,Hastings Tract East,Sacramento Valley,173,0.55, ,0.0, ,540, ,1.7,2020-06-22,01:00,86.36, , ,39.0, ,14.8, ,5.7, ,240, ,20.5, 
212,Hastings Tract East,Sacramento Valley,173,0.38, ,0.0, ,320, ,1.6,2020-06-22,02:00,82.22, , ,43.0, ,14.3, ,5.7, ,231, ,20.8, 
212,Hastings Tract East,Sacramento Valley,173,0.24, ,0.0, ,144, ,1.5,2020-06-22,03:00,77.54, , ,48.0, ,13.5, ,5.6, ,233, ,20.9, 
212,Hastings Tract East,Sacramento Valley,173,0.1, ,0.0, ,16, ,1.5,2020-06-22,04:00,72.86, , ,55.0, ,13.3, ,5.5, ,232, ,20.9, 
212,Hastings Tract East,Sacramento Valley,173,0.06, ,0.0, ,0, ,1.5,2020-06-22,05:00,69.44, , ,62.0, ,13.3, ,5.5, ,233, ,20.9, 
212,Hastings Tract East,Sacramento Valley,173,0.04, ,0.0, ,0, ,1.5,2020-06-22,06:00,65.84, , ,70.0, ,13.1, ,5.7, ,238, ,20.7, 
212,Hastings Tract East,Sacramento Valley,173,0.03, ,0.0, ,0, ,1.5,2020-06-22,07:00,63.32, , ,74.0, ,12.8, ,5.3, ,241, ,20.5, 
212,Hastings Tract East,Sacramento Valley,173,0.02, ,0.0, ,0, ,1.5,2020-06-22,08:00,61.88, , ,78.0, ,12.7, ,6.0, ,235, ,20.3, 
212,Hastings Tract East,Sacramento Valley,174,0.0, ,0.0, ,0, ,1.5,2020-06-22,09:00,60.980000000000004, , ,80.0, ,12.6, ,4.8, ,235, ,20.0, 
212,Hastings Tract East,Sacramento Valley,174,0.0, ,0.0, ,0, ,1.5,2020-06-22,10:00,60.08, , ,82.0, ,12.5, ,4.1, ,232, ,19.8, 
212,Hastings Tract East,Sacramento Valley,174,0.0, ,0.0, ,0, ,1.5,2020-06-22,11:00,58.64, , ,86.0, ,12.5, ,4.5, ,235, ,19.5, 
212,Hastings Tract East,Sacramento Valley,174,0.0, ,0.0, ,0, ,1.4,2020-06-22,12:00,57.92, , ,88.0, ,12.5, ,3.4, ,232, ,19.3, 
212,Hastings Tract East,Sacramento Valley,174,0.0, ,0.0, ,5, ,1.5,2020-06-22,13:00,57.2, , ,91.0, ,12.5, ,2.8, ,233, ,19.1, 
212,Hastings Tract East,Sacramento Valley,174,0.03, ,0.0, ,96, ,1.5,2020-06-22,14:00,58.1, , ,90.0, ,12.8, ,3.5, ,241, ,18.9, 
212,Hastings Tract East,Sacramento Valley,174,0.19, ,0.0, ,277, ,1.5,2020-06-22,15:00,62.6, , ,78.0, ,13.1, ,4.4, ,242, ,18.7, 
212,Hastings Tract East,Sacramento Valley,174,0.35, ,0.0, ,476, ,1.6,2020-06-22,16:00,67.82, , ,67.0, ,13.7, ,4.5, ,246, ,18.6, 
212,Hastings Tract East,Sacramento Valley,174,0.49, ,0.0, ,657, ,1.6,2020-06-22,17:00,73.04, , ,59.0, ,14.4, ,4.1, ,244, ,18.5, 
212,Hastings Tract East,Sacramento Valley,174,0.61, ,0.0, ,804, ,1.7,2020-06-22,18:00,77.54, , ,54.0, ,15.3, ,3.5, ,240, ,18.4, 
212,Hastings Tract East,Sacramento Valley,174,0.72, ,0.0, ,909, ,1.8,2020-06-22,19:00,82.58, , ,48.0, ,16.2, ,2.7, ,236, ,18.5, 
212,Hastings Tract East,Sacramento Valley,174,0.8, ,0.0, ,968, ,1.9,2020-06-22,20:00,87.8, , ,41.0, ,16.4, ,2.6, ,236, ,18.7, 
212,Hastings Tract East,Sacramento Valley,174,0.83, ,0.0, ,976, ,1.8,2020-06-22,21:00,92.11999999999999, , ,35.0, ,15.9, ,2.6, ,242, ,18.9, 
212,Hastings Tract East,Sacramento Valley,174,0.8, ,0.0, ,931, ,1.8,2020-06-22,22:00,94.1, , ,33.0, ,16.0, ,2.4, ,268, ,19.3, 
212,Hastings Tract East,Sacramento Valley,174,0.78, ,0.0, ,841, ,1.8,2020-06-22,23:00,94.28, , ,33.0, ,16.2, ,3.9, ,237, ,19.8, 
212,Hastings Tract East,Sacramento Valley,174,0.69, ,0.0, ,704, ,1.7,2020-06-23,00:00,92.84, , ,33.0, ,15.2, ,4.9, ,244, ,20.3, 
212,Hastings Tract East,Sacramento Valley,174,0.59, ,0.0, ,534, ,1.8,2020-06-23,01:00,90.5, , ,36.0, ,15.5, ,5.9, ,237, ,20.8, 
212,Hastings Tract East,Sacramento Valley,174,0.41, ,0.0, ,335, ,1.7,2020-06-23,02:00,84.56, , ,43.0, ,15.2, ,6.0, ,235, ,21.1, 
212,Hastings Tract East,Sacramento Valley,174,0.26, ,0.0, ,141, ,1.6,2020-06-23,03:00,79.7, , ,48.0, ,14.5, ,5.9, ,228, ,21.3, 
212,Hastings Tract East,Sacramento Valley,174,0.12, ,0.0, ,15, ,1.6,2020-06-23,04:00,75.02, , ,54.0, ,13.9, ,6.3, ,231, ,21.3, 
212,Hastings Tract East,Sacramento Valley,174,0.07, ,0.0, ,0, ,1.5,2020-06-23,05:00,70.16, , ,61.0, ,13.4, ,6.1, ,231, ,21.2, 
212,Hastings Tract East,Sacramento Valley,174,0.06, ,0.0, ,0, ,1.5,2020-06-23,06:00,68.0, , ,65.0, ,13.2, ,6.3, ,233, ,21.1, 
212,Hastings Tract East,Sacramento Valley,174,0.05, ,0.0, ,0, ,1.5,2020-06-23,07:00,66.2, , ,68.0, ,13.0, ,6.3, ,232, ,20.9, 
212,Hastings Tract East,Sacramento Valley,174,0.05, ,0.0, ,0, ,1.5,2020-06-23,08:00,64.4, , ,72.0, ,12.8, ,6.8, ,243, ,20.6, 
212,Hastings Tract East,Sacramento Valley,175,0.04, ,0.0, ,0, ,1.4,2020-06-23,09:00,63.32, , ,72.0, ,12.4, ,7.0, ,237, ,20.4, 
212,Hastings Tract East,Sacramento Valley,175,0.03, ,0.0, ,0, ,1.4,2020-06-23,10:00,62.059999999999995, , ,76.0, ,12.4, ,6.8, ,238, ,20.1, 
212,Hastings Tract East,Sacramento Valley,175,0.02, ,0.0, ,0, ,1.4,2020-06-23,11:00,60.62, , ,80.0, ,12.4, ,7.1, ,238, ,19.9, 
212,Hastings Tract East,Sacramento Valley,175,0.01, ,0.0, ,0, ,1.5,2020-06-23,12:00,59.72, , ,83.0, ,12.6, ,6.4, ,235, ,19.6, 
212,Hastings Tract East,Sacramento Valley,175,0.01, ,0.0, ,4, ,1.5,2020-06-23,13:00,59.72, , ,84.0, ,12.7, ,5.9, ,237, ,19.4, 
212,Hastings Tract East,Sacramento Valley,175,0.05, ,0.0, ,88, ,1.4,2020-06-23,14:00,60.26, , ,81.0, ,12.4, ,5.0, ,240, ,19.1, 
212,Hastings Tract East,Sacramento Valley,175,0.2, ,0.0, ,263, ,1.5,2020-06-23,15:00,63.14, , ,74.0, ,12.7, ,5.2, ,245, ,18.9, 
212,Hastings Tract East,Sacramento Valley,175,0.35, ,0.0, ,462, ,1.5,2020-06-23,16:00,67.1, , ,67.0, ,13.3, ,5.6, ,242, ,18.8, 
212,Hastings Tract East,Sacramento Valley,175,0.5, ,0.0, ,645, ,1.6,2020-06-23,17:00,71.96, , ,60.0, ,14.1, ,4.9, ,243, ,18.7, 
212,Hastings Tract East,Sacramento Valley,175,0.64, ,0.0, ,793, ,1.7,2020-06-23,18:00,76.64, , ,53.0, ,14.6, ,4.7, ,242, ,18.6, 
212,Hastings Tract East,Sacramento Valley,175,0.74, ,0.0, ,896, ,1.7,2020-06-23,19:00,80.06, , ,48.0, ,14.9, ,4.5, ,240, ,18.7, 
212,Hastings Tract East,Sacramento Valley,175,0.81, ,0.0, ,954, ,1.7,2020-06-23,20:00,84.2, , ,44.0, ,15.4, ,4.2, ,241, ,18.8, 
212,Hastings Tract East,Sacramento Valley,175,0.84, ,0.0, ,958, ,1.9,2020-06-23,21:00,89.24, , ,39.0, ,16.3, ,3.7, ,245, ,19.0, 
212,Hastings Tract East,Sacramento Valley,175,0.86, ,0.0, ,915, ,1.7,2020-06-23,22:00,91.4, , ,34.0, ,15.1, ,4.7, ,232, ,19.3, 
212,Hastings Tract East,Sacramento Valley,175,0.82, ,0.0, ,826, ,1.6,2020-06-23,23:00,92.11999999999999, , ,32.0, ,14.3, ,5.2, ,237, ,19.7, 
212,Hastings Tract East,Sacramento Valley,175,0.74, ,0.0, ,691, ,1.7,2020-06-24,00:00,89.96000000000001, , ,35.0, ,15.0, ,6.3, ,230, ,20.2, 
212,Hastings Tract East,Sacramento Valley,175,0.58, ,0.0, ,519, ,1.7,2020-06-24,01:00,87.26, , ,40.0, ,15.3, ,6.6, ,239, ,20.5, 
212,Hastings Tract East,Sacramento Valley,175,0.42, ,0.0, ,324, ,1.7,2020-06-24,02:00,82.22, , ,44.0, ,14.5, ,7.0, ,233, ,20.8, 
212,Hastings Tract East,Sacramento Valley,175,0.25, ,0.0, ,134, ,1.6,2020-06-24,03:00,75.2, , ,52.0, ,13.7, ,6.9, ,234, ,21.0, 
212,Hastings Tract East,Sacramento Valley,175,0.1, ,0.0, ,14, ,1.5,2020-06-24,04:00,69.62, , ,61.0, ,13.0, ,7.1, ,228, ,21.0, 
212,Hastings Tract East,Sacramento Valley,175,0.07, ,0.0, ,0, ,1.5,2020-06-24,05:00,66.02, , ,67.0, ,12.7, ,7.6, ,231, ,20.9, 
212,Hastings Tract East,Sacramento Valley,175,0.04, ,0.0, ,0, ,1.5,2020-06-24,06:00,62.78, , ,76.0, ,12.9, ,7.3, ,236, ,20.7, 
212,Hastings Tract East,Sacramento Valley,175,0.03, ,0.0, ,0, ,1.5,2020-06-24,07:00,61.88, , ,80.0, ,13.2, ,7.6, ,238, ,20.5, 
212,Hastings Tract East,Sacramento Valley,175,0.02, ,0.0, ,0, ,1.5,2020-06-24,08:00,61.16, , ,81.0, ,13.0, ,7.5, ,234, ,20.2, 
212,Hastings Tract East,Sacramento Valley,176,0.01, ,0.0, ,0, ,1.5,2020-06-24,09:00,60.26, , ,85.0, ,13.1, ,7.1, ,234, ,19.9, 
212,Hastings Tract East,Sacramento Valley,176,0.0, ,0.0, ,0, ,1.5,2020-06-24,10:00,59.36, , ,89.0, ,13.3, ,7.0, ,233, ,19.7, 
212,Hastings Tract East,Sacramento Valley,176,0.0, ,0.0, ,0, ,1.5,2020-06-24,11:00,58.82, , ,89.0, ,13.2, ,5.3, ,235, ,19.5, 
212,Hastings Tract East,Sacramento Valley,176,0.0, ,0.0, ,0, ,1.5,2020-06-24,12:00,58.28, , ,91.0, ,13.1, ,4.3, ,235, ,19.2, 
212,Hastings Tract East,Sacramento Valley,176,0.0, ,0.0, ,4, ,1.5,2020-06-24,13:00,57.379999999999995, , ,94.0, ,13.2, ,3.9, ,236, ,19.0, 
212,Hastings Tract East,Sacramento Valley,176,0.04, ,0.0, ,92, ,1.5,2020-06-24,14:00,58.459999999999994, , ,90.0, ,13.0, ,4.3, ,237, ,18.8, 
212,Hastings Tract East,Sacramento Valley,176,0.18, ,0.0, ,258, ,1.5,2020-06-24,15:00,62.059999999999995, , ,81.0, ,13.4, ,4.7, ,241, ,18.7, 
212,Hastings Tract East,Sacramento Valley,176,0.32, ,0.0, ,437, ,1.5,2020-06-24,16:00,65.66, , ,72.0, ,13.5, ,5.0, ,246, ,18.6, 
212,Hastings Tract East,Sacramento Valley,176,0.46, ,0.0, ,657, ,1.6,2020-06-24,17:00,70.34, , ,63.0, ,14.0, ,4.3, ,250, ,18.5, 
212,Hastings Tract East,Sacramento Valley,176,0.59, ,0.0, ,799, ,1.7,2020-06-24,18:00,74.84, , ,57.0, ,14.7, ,3.7, ,253, ,18.5, 
212,Hastings Tract East,Sacramento Valley,176,0.72, ,0.0, ,903, ,1.8,2020-06-24,19:00,79.7, , ,51.0, ,15.4, ,3.8, ,240, ,18.5, 
212,Hastings Tract East,Sacramento Valley,176,0.8, ,0.0, ,960, ,1.8,2020-06-24,20:00,83.84, , ,45.0, ,15.7, ,3.8, ,241, ,18.7, 
212,Hastings Tract East,Sacramento Valley,176,0.82, ,0.0, ,964, ,1.8,2020-06-24,21:00,87.98, , ,41.0, ,16.2, ,3.5, ,237, ,18.9, 
212,Hastings Tract East,Sacramento Valley,176,0.82, ,0.0, ,921, ,1.9,2020-06-24,22:00,91.58000000000001, , ,38.0, ,16.8, ,3.7, ,233, ,19.3, 
212,Hastings Tract East,Sacramento Valley,176,0.77, ,0.0, ,832, ,1.9,2020-06-24,23:00,93.02, , ,36.0, ,16.7, ,4.3, ,236, ,19.7, 
212,Hastings Tract East,Sacramento Valley,176,0.71, ,0.0, ,698, ,1.9,2020-06-25,00:00,91.94, , ,36.0, ,16.3, ,5.3, ,241, ,20.2, 
212,Hastings Tract East,Sacramento Valley,176,0.58, ,0.0, ,522, ,1.9,2020-06-25,01:00,89.96000000000001, , ,39.0, ,16.3, ,5.9, ,233, ,20.7, 
212,Hastings Tract East,Sacramento Valley,176,0.41, ,0.0, ,324, ,1.8,2020-06-25,02:00,88.52, , ,40.0, ,16.2, ,5.6, ,232, ,21.0, 
212,Hastings Tract East,Sacramento Valley,176,0.28, ,0.0, ,127, ,1.7,2020-06-25,03:00,83.12, , ,44.0, ,15.1, ,6.1, ,231, ,21.2, 
212,Hastings Tract East,Sacramento Valley,176,0.11, ,0.0, ,8, ,1.7,2020-06-25,04:00,77.36, , ,52.0, ,14.7, ,5.5, ,235, ,21.3, 
212,Hastings Tract East,Sacramento Valley,176,0.09, ,0.0, ,0, ,1.5,2020-06-25,05:00,72.86, , ,56.0, ,13.5, ,5.2, ,238, ,21.3, 
212,Hastings Tract East,Sacramento Valley,176,0.08, ,0.0, ,0, ,1.5,2020-06-25,06:00,69.8, , ,59.0, ,12.6, ,5.5, ,237, ,21.2, 
212,Hastings Tract East,Sacramento Valley,176,0.07, ,0.0, ,0, ,1.5,2020-06-25,07:00,67.82, , ,63.0, ,12.8, ,5.7, ,243, ,21.0, 
212,Hastings Tract East,Sacramento Valley,176,0.07, ,0.0, ,0, ,1.5,2020-06-25,08:00,67.1, , ,65.0, ,12.7, ,6.0, ,240, ,20.8, 
212,Hastings Tract East,Sacramento Valley,177,0.04, ,0.0, ,0, ,1.5,2020-06-25,09:00,65.48, , ,69.0, ,12.8, ,6.2, ,236, ,20.6, 
212,Hastings Tract East,Sacramento Valley,177,0.02, ,0.0, ,0, ,1.5,2020-06-25,10:00,63.68, , ,74.0, ,13.0, ,5.3, ,241, ,20.4, 
212,Hastings Tract East,Sacramento Valley,177,0.02, ,0.0, ,0, ,1.5,2020-06-25,11:00,62.24, , ,76.0, ,12.5, ,5.0, ,243, ,20.2, 
212,Hastings Tract East,Sacramento Valley,177,0.0, ,0.0, ,0, ,1.4,2020-06-25,12:00,59.9, , ,81.0, ,12.2, ,5.1, ,244, ,20.0, 
212,Hastings Tract East,Sacramento Valley,177,0.0, ,0.0, ,3, ,1.4,2020-06-25,13:00,58.82, , ,84.0, ,12.3, ,5.3, ,247, ,19.8, 
212,Hastings Tract East,Sacramento Valley,177,0.05, ,0.0, ,89, ,1.4,2020-06-25,14:00,59.18, , ,83.0, ,12.2, ,5.5, ,242, ,19.6, 
212,Hastings Tract East,Sacramento Valley,177,0.2, ,0.0, ,265, ,1.5,2020-06-25,15:00,62.6, , ,75.0, ,12.6, ,5.3, ,246, ,19.4, 
212,Hastings Tract East,Sacramento Valley,177,0.35, ,0.0, ,467, ,1.5,2020-06-25,16:00,67.28, , ,67.0, ,13.2, ,5.1, ,247, ,19.2, 
212,Hastings Tract East,Sacramento Valley,177,0.5, ,0.0, ,648, ,1.6,2020-06-25,17:00,72.68, , ,58.0, ,14.0, ,4.2, ,243, ,19.0, 
212,Hastings Tract East,Sacramento Valley,177,0.62, ,0.0, ,793, ,1.7,2020-06-25,18:00,78.08, , ,52.0, ,14.9, ,3.8, ,246, ,19.0, 
212,Hastings Tract East,Sacramento Valley,177,0.75, ,0.0, ,899, ,1.8,2020-06-25,19:00,83.84, , ,45.0, ,15.9, ,3.7, ,239, ,19.1, 
212,Hastings Tract East,Sacramento Valley,177,0.81, ,0.0, ,957, ,1.9,2020-06-25,20:00,87.98, , ,41.0, ,16.3, ,3.3, ,240, ,19.2, 
212,Hastings Tract East,Sacramento Valley,177,0.84, ,0.0, ,962, ,1.9,2020-06-25,21:00,89.78, , ,40.0, ,16.7, ,3.8, ,253, ,19.5, 
212,Hastings Tract East,Sacramento Valley,177,0.84, ,0.0, ,919, ,1.9,2020-06-25,22:00,90.5, , ,38.0, ,16.5, ,4.4, ,247, ,19.9, 
212,Hastings Tract East,Sacramento Valley,177,0.82, ,0.0, ,829, ,1.9,2020-06-25,23:00,91.58000000000001, , ,37.0, ,16.4, ,5.8, ,243, ,20.3, 
212,Hastings Tract East,Sacramento Valley,177,0.76, ,0.0, ,695, ,1.8,2020-06-26,00:00,89.96000000000001, , ,38.0, ,16.0, ,7.0, ,238, ,20.8, 
212,Hastings Tract East,Sacramento Valley,177,0.6, ,0.0, ,524, ,1.7,2020-06-26,01:00,86.72, , ,40.0, ,15.3, ,7.2, ,235, ,21.2, 
212,Hastings Tract East,Sacramento Valley,177,0.44, ,0.0, ,327, ,1.7,2020-06-26,02:00,82.75999999999999, , ,44.0, ,14.7, ,7.4, ,232, ,21.4, 
212,Hastings Tract East,Sacramento Valley,177,0.27, ,0.0, ,135, ,1.6,2020-06-26,03:00,78.25999999999999, , ,49.0, ,14.3, ,6.8, ,229, ,21.6, 
212,Hastings Tract East,Sacramento Valley,177,0.12, ,0.0, ,15, ,1.6,2020-06-26,04:00,73.22, , ,56.0, ,13.7, ,6.6, ,234, ,21.6, 
212,Hastings Tract East,Sacramento Valley,177,0.09, ,0.0, ,0, ,1.5,2020-06-26,05:00,70.34, , ,61.0, ,13.4, ,6.9, ,231, ,21.5, 
212,Hastings Tract East,Sacramento Valley,177,0.07, ,0.0, ,0, ,1.5,2020-06-26,06:00,68.0, , ,64.0, ,13.1, ,6.7, ,234, ,21.4, 
212,Hastings Tract East,Sacramento Valley,177,0.07, ,0.0, ,0, ,1.5,2020-06-26,07:00,66.92, , ,65.0, ,12.7, ,6.8, ,241, ,21.2, 
212,Hastings Tract East,Sacramento Valley,177,0.06, ,0.0, ,0, ,1.5,2020-06-26,08:00,65.3, , ,68.0, ,12.5, ,7.0, ,241, ,20.9, 
212,Hastings Tract East,Sacramento Valley,178,0.05, ,0.0, ,0, ,1.5,2020-06-26,09:00,64.4, , ,71.0, ,12.6, ,7.3, ,241, ,20.7, 
212,Hastings Tract East,Sacramento Valley,178,0.04, ,0.0, ,0, ,1.5,2020-06-26,10:00,63.14, , ,74.0, ,12.6, ,7.2, ,239, ,20.5, 
212,Hastings Tract East,Sacramento Valley,178,0.01, ,0.0, ,0, ,1.5,2020-06-26,11:00,60.62, , ,82.0, ,12.8, ,6.4, ,234, ,20.2, 
212,Hastings Tract East,Sacramento Valley,178,0.0, ,0.0, ,0, ,1.5,2020-06-26,12:00,59.9, , ,84.0, ,12.8, ,5.8, ,237, ,20.0, 
212,Hastings Tract East,Sacramento Valley,178,0.0, ,0.0, ,4, ,1.5,2020-06-26,13:00,58.82, , ,87.0, ,12.8, ,5.9, ,237, ,19.8, 
212,Hastings Tract East,Sacramento Valley,178,0.05, ,0.0, ,86, ,1.5,2020-06-26,14:00,59.18, , ,86.0, ,12.8, ,6.0, ,239, ,19.6, 
212,Hastings Tract East,Sacramento Valley,178,0.19, ,0.0, ,261, ,1.5,2020-06-26,15:00,62.6, , ,78.0, ,13.2, ,5.7, ,242, ,19.4, 
212,Hastings Tract East,Sacramento Valley,178,0.35, ,0.0, ,454, ,1.5,2020-06-26,16:00,67.64, , ,67.0, ,13.4, ,5.5, ,247, ,19.2, 
212,Hastings Tract East,Sacramento Valley,178,0.5, ,0.0, ,641, ,1.6,2020-06-26,17:00,72.86, , ,59.0, ,14.3, ,4.7, ,256, ,19.1, 
212,Hastings Tract East,Sacramento Valley,178,0.62, ,0.0, ,787, ,1.7,2020-06-26,18:00,77.0, , ,55.0, ,15.2, ,4.0, ,253, ,19.1, 
212,Hastings Tract East,Sacramento Valley,178,0.74, ,0.0, ,895, ,1.8,2020-06-26,19:00,82.04, , ,48.0, ,15.9, ,4.2, ,240, ,19.2, 
212,Hastings Tract East,Sacramento Valley,178,0.84, ,0.0, ,954, ,1.9,2020-06-26,20:00,87.26, , ,44.0, ,16.8, ,4.4, ,232, ,19.4, 
212,Hastings Tract East,Sacramento Valley,178,0.86, ,0.0, ,964, ,2.0,2020-06-26,21:00,90.68, , ,41.0, ,17.5, ,4.2, ,240, ,19.7, 
212,Hastings Tract East,Sacramento Valley,178,0.88, ,0.0, ,926, ,2.0,2020-06-26,22:00,92.11999999999999, , ,39.0, ,17.4, ,5.4, ,238, ,20.1, 
212,Hastings Tract East,Sacramento Valley,178,0.86, ,0.0, ,838, ,1.9,2020-06-26,23:00,91.94, , ,37.0, ,16.5, ,6.8, ,241, ,20.6, 
212,Hastings Tract East,Sacramento Valley,178,0.75, ,0.0, ,705, ,1.8,2020-06-27,00:00,89.96000000000001, , ,38.0, ,16.0, ,7.5, ,236, ,21.1, 
212,Hastings Tract East,Sacramento Valley,178,0.62, ,0.0, ,531, ,1.8,2020-06-27,01:00,87.08000000000001, , ,41.0, ,15.7, ,7.8, ,234, ,21.5, 
212,Hastings Tract East,Sacramento Valley,178,0.47, ,0.0, ,333, ,1.7,2020-06-27,02:00,82.4, , ,45.0, ,15.0, ,8.8, ,235, ,21.8, 
212,Hastings Tract East,Sacramento Valley,178,0.3, ,0.0, ,142, ,1.6,2020-06-27,03:00,77.18, , ,51.0, ,14.2, ,8.3, ,237, ,22.0, 
212,Hastings Tract East,Sacramento Valley,178,0.12, ,0.0, ,15, ,1.6,2020-06-27,04:00,72.86, , ,57.0, ,13.8, ,7.3, ,233, ,22.0, 
212,Hastings Tract East,Sacramento Valley,178,0.09, ,0.0, ,0, ,1.5,2020-06-27,05:00,69.8, , ,61.0, ,13.3, ,7.2, ,232, ,21.9, 
212,Hastings Tract East,Sacramento Valley,178,0.06, ,0.0, ,0, ,1.5,2020-06-27,06:00,66.38, , ,68.0, ,13.1, ,6.6, ,235, ,21.7, 
212,Hastings Tract East,Sacramento Valley,178,0.03, ,0.0, ,0, ,1.5,2020-06-27,07:00,62.78, , ,78.0, ,13.2, ,6.7, ,231, ,21.5, 
212,Hastings Tract East,Sacramento Valley,178,0.02, ,0.0, ,0, ,1.5,2020-06-27,08:00,61.7, , ,79.0, ,12.9, ,6.5, ,235, ,21.2, 
212,Hastings Tract East,Sacramento Valley,179,0.01, ,0.0, ,0, ,1.5,2020-06-27,09:00,60.8, , ,82.0, ,12.9, ,6.5, ,236, ,21.0, 
212,Hastings Tract East,Sacramento Valley,179,0.01, ,0.0, ,0, ,1.5,2020-06-27,10:00,60.440000000000005, , ,82.0, ,12.8, ,6.6, ,240, ,20.7, 
212,Hastings Tract East,Sacramento Valley,179,0.0, ,0.0, ,0, ,1.5,2020-06-27,11:00,59.9, , ,84.0, ,12.7, ,7.0, ,238, ,20.4, 
212,Hastings Tract East,Sacramento Valley,179,0.0, ,0.0, ,0, ,1.5,2020-06-27,12:00,59.0, , ,86.0, ,12.6, ,7.3, ,232, ,20.2, 
212,Hastings Tract East,Sacramento Valley,179,0.0, ,0.0, ,4, ,1.5,2020-06-27,13:00,57.92, , ,89.0, ,12.6, ,7.2, ,233, ,19.9, 
212,Hastings Tract East,Sacramento Valley,179,0.05, ,0.0, ,90, ,1.5,2020-06-27,14:00,58.64, , ,87.0, ,12.7, ,7.5, ,232, ,19.7, 
212,Hastings Tract East,Sacramento Valley,179,0.22, ,0.0, ,276, ,1.5,2020-06-27,15:00,61.7, , ,78.0, ,12.7, ,8.4, ,229, ,19.5, 
212,Hastings Tract East,Sacramento Valley,179,0.36, ,0.0, ,482, ,1.5,2020-06-27,16:00,64.58, , ,71.0, ,12.8, ,7.8, ,216, ,19.3, 
212,Hastings Tract East,Sacramento Valley,179,0.5, ,0.0, ,663, ,1.5,2020-06-27,17:00,68.54, , ,63.0, ,13.1, ,7.1, ,224, ,19.2, 
212,Hastings Tract East,Sacramento Valley,179,0.65, ,0.0, ,813, ,1.6,2020-06-27,18:00,72.86, , ,56.0, ,13.6, ,6.6, ,232, ,19.1, 
212,Hastings Tract East,Sacramento Valley,179,0.76, ,0.0, ,919, ,1.6,2020-06-27,19:00,75.74000000000001, , ,52.0, ,13.7, ,6.2, ,234, ,19.2, 
212,Hastings Tract East,Sacramento Valley,179,0.84, ,0.0, ,986, ,1.6,2020-06-27,20:00,77.72, , ,50.0, ,14.1, ,6.6, ,232, ,19.3, 
212,Hastings Tract East,Sacramento Valley,179,0.88, ,0.0, ,995, ,1.6,2020-06-27,21:00,78.62, , ,48.0, ,14.1, ,7.5, ,228, ,19.6, 
212,Hastings Tract East,Sacramento Valley,179,0.87, ,0.0, ,955, ,1.6,2020-06-27,22:00,78.98, , ,47.0, ,14.0, ,8.1, ,227, ,19.9, 
212,Hastings Tract East,Sacramento Valley,179,0.82, ,0.0, ,873, ,1.6,2020-06-27,23:00,80.42, , ,46.0, ,14.2, ,7.8, ,223, ,20.2, 
212,Hastings Tract East,Sacramento Valley,179,0.68, ,0.0, ,718, ,1.6,2020-06-28,00:00,80.24000000000001, , ,46.0, ,14.0, ,7.5, ,234, ,20.6, 
212,Hastings Tract East,Sacramento Valley,179,0.56, ,0.0, ,527, ,1.5,2020-06-28,01:00,77.72, , ,48.0, ,13.4, ,8.3, ,238, ,20.9, 
212,Hastings Tract East,Sacramento Valley,179,0.37, ,0.0, ,284, ,1.5,2020-06-28,02:00,73.04, , ,53.0, ,12.8, ,8.6, ,241, ,21.2, 
212,Hastings Tract East,Sacramento Valley,179,0.22, ,0.0, ,100, ,1.4,2020-06-28,03:00,68.36, , ,59.0, ,12.0, ,8.6, ,225, ,21.3, 
212,Hastings Tract East,Sacramento Valley,179,0.08, ,0.0, ,7, ,1.4,2020-06-28,04:00,64.04, , ,68.0, ,11.7, ,7.3, ,229, ,21.2, 
212,Hastings Tract East,Sacramento Valley,179,0.05, ,0.0, ,0, ,1.4,2020-06-28,05:00,61.16, , ,73.0, ,11.4, ,7.3, ,236, ,21.0, 
212,Hastings Tract East,Sacramento Valley,179,0.04, ,0.0, ,0, ,1.3,2020-06-28,06:00,59.18, , ,77.0, ,11.2, ,7.6, ,243, ,20.8, 
212,Hastings Tract East,Sacramento Valley,179,0.02, ,0.0, ,0, ,1.3,2020-06-28,07:00,58.1, , ,80.0, ,11.0, ,5.4, ,230, ,20.5, 
212,Hastings Tract East,Sacramento Valley,179,0.03, ,0.0, ,0, ,1.3,2020-06-28,08:00,57.92, , ,79.0, ,10.7, ,7.0, ,238, ,20.2, 
212,Hastings Tract East,Sacramento Valley,180,0.03, ,0.0, ,0, ,1.3,2020-06-28,09:00,57.74, , ,77.0, ,10.3, ,8.2, ,240, ,19.9, 
212,Hastings Tract East,Sacramento Valley,180,0.02, ,0.0, ,0, ,1.2,2020-06-28,10:00,57.02, , ,78.0, ,10.1, ,5.4, ,228, ,19.7, 
212,Hastings Tract East,Sacramento Valley,180,0.01, ,0.0, ,0, ,1.2,2020-06-28,11:00,56.120000000000005, , ,81.0, ,10.1, ,4.8, ,224, ,19.4, 
212,Hastings Tract East,Sacramento Valley,180,0.01, ,0.0, ,0, ,1.2,2020-06-28,12:00,55.76, , ,79.0, ,9.7, ,4.3, ,216, ,19.2, 
212,Hastings Tract East,Sacramento Valley,180,0.01, ,0.0, ,3, ,1.2,2020-06-28,13:00,55.76, , ,80.0, ,9.9, ,4.9, ,231, ,18.9, 
212,Hastings Tract East,Sacramento Valley,180,0.05, ,0.0, ,75, ,1.2,2020-06-28,14:00,56.48, , ,79.0, ,10.0, ,4.8, ,223, ,18.7, 
212,Hastings Tract East,Sacramento Valley,180,0.19, ,0.0, ,241, ,1.2,2020-06-28,15:00,59.36, , ,72.0, ,10.1, ,5.8, ,227, ,18.5, 
212,Hastings Tract East,Sacramento Valley,180,0.34, ,0.0, ,436, ,1.3,2020-06-28,16:00,62.959999999999994, , ,64.0, ,10.4, ,6.5, ,230, ,18.4, 
212,Hastings Tract East,Sacramento Valley,180,0.51, ,0.0, ,649, ,1.2,2020-06-28,17:00,66.02, , ,57.0, ,10.2, ,6.7, ,230, ,18.3, 
212,Hastings Tract East,Sacramento Valley,180,0.63, ,0.0, ,807, ,1.3,2020-06-28,18:00,69.08, , ,52.0, ,10.5, ,6.6, ,227, ,18.3, 
212,Hastings Tract East,Sacramento Valley,180,0.75, ,0.0, ,916, ,1.3,2020-06-28,19:00,72.32, , ,46.0, ,10.3, ,6.3, ,228, ,18.4, 
212,Hastings Tract East,Sacramento Valley,180,0.82, ,0.0, ,972, ,1.2,2020-06-28,20:00,74.66, , ,42.0, ,10.1, ,6.1, ,224, ,18.5, 
212,Hastings Tract East,Sacramento Valley,180,0.86, ,0.0, ,979, ,1.2,2020-06-28,21:00,77.0, , ,39.0, ,9.9, ,6.6, ,228, ,18.7, 
212,Hastings Tract East,Sacramento Valley,180,0.84, ,0.0, ,938, ,1.2,2020-06-28,22:00,77.9, , ,37.0, ,9.7, ,6.7, ,227, ,19.1, 
212,Hastings Tract East,Sacramento Valley,180,0.78, ,0.0, ,855, ,1.2,2020-06-28,23:00,78.08, , ,36.0, ,9.2, ,6.6, ,228, ,19.5, 
212,Hastings Tract East,Sacramento Valley,180,0.66, ,0.0, ,717, ,1.2,2020-06-29,00:00,77.18, , ,36.0, ,9.2, ,6.6, ,232, ,19.9, 
212,Hastings Tract East,Sacramento Valley,180,0.52, ,0.0, ,537, ,1.2,2020-06-29,01:00,76.1, , ,39.0, ,9.5, ,6.1, ,226, ,20.2, 
212,Hastings Tract East,Sacramento Valley,180,0.36, ,0.0, ,328, ,1.2,2020-06-29,02:00,73.58, , ,42.0, ,9.4, ,5.7, ,232, ,20.5, 
212,Hastings Tract East,Sacramento Valley,180,0.22, ,0.0, ,134, ,1.2,2020-06-29,03:00,69.8, , ,46.0, ,9.1, ,5.7, ,229, ,20.6, 
212,Hastings Tract East,Sacramento Valley,180,0.08, ,0.0, ,14, ,1.2,2020-06-29,04:00,65.12, , ,55.0, ,9.2, ,5.1, ,234, ,20.6, 
212,Hastings Tract East,Sacramento Valley,180,0.05, ,0.0, ,0, ,1.2,2020-06-29,05:00,62.059999999999995, , ,62.0, ,9.4, ,4.9, ,237, ,20.5, 
212,Hastings Tract East,Sacramento Valley,180,0.04, ,0.0, ,0, ,1.2,2020-06-29,06:00,60.8, , ,65.0, ,9.5, ,4.8, ,239, ,20.3, 
212,Hastings Tract East,Sacramento Valley,180,0.02, ,0.0, ,0, ,1.2,2020-06-29,07:00,59.36, , ,72.0, ,10.2, ,4.2, ,240, ,20.1, 
212,Hastings Tract East,Sacramento Valley,180,0.01, ,0.0, ,0, ,1.3,2020-06-29,08:00,58.459999999999994, , ,75.0, ,10.4, ,3.8, ,245, ,19.8, 
212,Hastings Tract East,Sacramento Valley,181,0.0, ,0.0, ,0, ,1.3,2020-06-29,09:00,57.74, , ,79.0, ,10.6, ,3.5, ,245, ,19.6, 
212,Hastings Tract East,Sacramento Valley,181,0.0, ,0.0, ,0, ,1.2,2020-06-29,10:00,57.56, , ,74.0, ,9.5, ,3.1, ,249, ,19.4, 
212,Hastings Tract East,Sacramento Valley,181,0.02, ,0.0, ,0, ,0.9,2020-06-29,11:00,61.7, , ,51.0, ,6.2, ,1.8, ,288, ,19.2, 
212,Hastings Tract East,Sacramento Valley,181,0.02, ,0.0, ,0, ,0.9,2020-06-29,12:00,61.519999999999996, , ,50.0, ,5.9, ,2.1, ,289, ,19.0, 
212,Hastings Tract East,Sacramento Valley,181,0.03, ,0.0, ,4, ,0.9,2020-06-29,13:00,62.42, , ,48.0, ,5.9, ,2.2, ,296, ,18.8, 
212,Hastings Tract East,Sacramento Valley,181,0.08, ,0.0, ,96, ,0.9,2020-06-29,14:00,65.66, , ,42.0, ,5.6, ,2.6, ,311, ,18.6, 
212,Hastings Tract East,Sacramento Valley,181,0.25, ,0.0, ,280, ,0.9,2020-06-29,15:00,68.9, , ,39.0, ,6.2, ,3.5, ,323, ,18.5, 
212,Hastings Tract East,Sacramento Valley,181,0.39, ,0.0, ,486, ,1.0,2020-06-29,16:00,71.96, , ,36.0, ,6.6, ,3.7, ,322, ,18.4, 
212,Hastings Tract East,Sacramento Valley,181,0.52, ,0.0, ,670, ,1.0,2020-06-29,17:00,74.48, , ,35.0, ,7.3, ,3.6, ,323, ,18.4, 
212,Hastings Tract East,Sacramento Valley,181,0.68, ,0.0, ,824, ,1.0,2020-06-29,18:00,77.72, , ,31.0, ,6.9, ,4.0, ,335, ,18.5, 
212,Hastings Tract East,Sacramento Valley,181,0.81, ,0.0, ,934, ,1.0,2020-06-29,19:00,80.6, , ,28.0, ,6.7, ,4.6, ,344, ,18.6, 
212,Hastings Tract East,Sacramento Valley,181,0.84, ,0.0, ,991, ,1.0,2020-06-29,20:00,82.4, , ,26.0, ,6.8, ,3.7, ,342, ,18.8, 
212,Hastings Tract East,Sacramento Valley,181,0.84, ,0.0, ,1003, ,1.0,2020-06-29,21:00,83.48, , ,25.0, ,6.6, ,3.2, ,323, ,19.1, 
212,Hastings Tract East,Sacramento Valley,181,0.82, ,0.0, ,964, ,0.9,2020-06-29,22:00,86.18, , ,22.0, ,5.7, ,3.1, ,338, ,19.4, 
212,Hastings Tract East,Sacramento Valley,181,0.77, ,0.0, ,868, ,0.9,2020-06-29,23:00,88.16, , ,19.0, ,4.8, ,3.4, ,349, ,19.9, 
212,Hastings Tract East,Sacramento Valley,181,0.63, ,0.0, ,732, ,0.8,2020-06-30,00:00,89.41999999999999, , ,18.0, ,4.5, ,2.9, ,350, ,20.5, 
212,Hastings Tract East,Sacramento Valley,181,0.48, ,0.0, ,550, ,1.0,2020-06-30,01:00,87.26, , ,23.0, ,7.1, ,3.2, ,261, ,20.9, 
212,Hastings Tract East,Sacramento Valley,181,0.41, ,0.0, ,344, ,1.1,2020-06-30,02:00,81.5, , ,31.0, ,8.7, ,5.4, ,247, ,21.3, 
212,Hastings Tract East,Sacramento Valley,181,0.23, ,0.0, ,149, ,1.1,2020-06-30,03:00,77.18, , ,35.0, ,8.4, ,4.2, ,241, ,21.5, 
212,Hastings Tract East,Sacramento Valley,181,0.1, ,0.0, ,17, ,1.0,2020-06-30,04:00,72.5, , ,38.0, ,7.4, ,3.4, ,228, ,21.6, 
212,Hastings Tract East,Sacramento Valley,181,0.07, ,0.0, ,0, ,1.0,2020-06-30,05:00,68.54, , ,43.0, ,7.4, ,3.5, ,230, ,21.5, 
212,Hastings Tract East,Sacramento Valley,181,0.07, ,0.0, ,0, ,1.1,2020-06-30,06:00,67.28, , ,47.0, ,7.9, ,3.7, ,236, ,21.3, 
212,Hastings Tract East,Sacramento Valley,181,0.05, ,0.0, ,0, ,1.1,2020-06-30,07:00,66.38, , ,49.0, ,8.0, ,3.2, ,237, ,21.1, 
212,Hastings Tract East,Sacramento Valley,181,0.05, ,0.0, ,0, ,1.1,2020-06-30,08:00,64.4, , ,53.0, ,8.3, ,3.4, ,244, ,20.8, 
212,Hastings Tract East,Sacramento Valley,182,0.03, ,0.0, ,0, ,1.1,2020-06-30,09:00,62.42, , ,58.0, ,8.7, ,3.4, ,245, ,20.6, 
212,Hastings Tract East,Sacramento Valley,182,0.02, ,0.0, ,0, ,1.1,2020-06-30,10:00,61.16, , ,62.0, ,8.9, ,3.3, ,247, ,20.4, 
212,Hastings Tract East,Sacramento Valley,182,0.01, ,0.0, ,0, ,1.2,2020-06-30,11:00,59.36, , ,70.0, ,9.8, ,3.4, ,247, ,20.1, 
212,Hastings Tract East,Sacramento Valley,182,0.01, ,0.0, ,0, ,1.2,2020-06-30,12:00,60.440000000000005, , ,67.0, ,9.8, ,3.2, ,244, ,19.9, 
212,Hastings Tract East,Sacramento Valley,182,0.0, ,0.0, ,4, ,1.2,2020-06-30,13:00,59.18, , ,72.0, ,10.0, ,2.4, ,250, ,19.7, 
212,Hastings Tract East,Sacramento Valley,182,0.04, ,0.0, ,92, ,1.3,2020-06-30,14:00,61.34, , ,68.0, ,10.5, ,2.1, ,234, ,19.5, 
212,Hastings Tract East,Sacramento Valley,182,0.22, ,0.0, ,271, ,1.3,2020-06-30,15:00,67.64, , ,56.0, ,10.7, ,3.1, ,221, ,19.3, 
212,Hastings Tract East,Sacramento Valley,182,0.38, ,0.0, ,475, ,1.3,2020-06-30,16:00,73.22, , ,46.0, ,10.8, ,3.7, ,241, ,19.2, 
212,Hastings Tract East,Sacramento Valley,182,0.49, ,0.0, ,658, ,1.3,2020-06-30,17:00,77.9, , ,39.0, ,10.6, ,2.6, ,252, ,19.1, 
212,Hastings Tract East,Sacramento Valley,182,0.62, ,0.0, ,803, ,1.3,2020-06-30,18:00,81.68, , ,34.0, ,10.5, ,2.1, ,310, ,19.2, 
212,Hastings Tract East,Sacramento Valley,182,0.72, ,0.0, ,913, ,1.3,2020-06-30,19:00,84.02, , ,33.0, ,10.9, ,2.0, ,315, ,19.4, 
212,Hastings Tract East,Sacramento Valley,182,0.78, ,0.0, ,967, ,1.3,2020-06-30,20:00,87.26, , ,30.0, ,10.9, ,1.9, ,350, ,19.6, 
212,Hastings Tract East,Sacramento Valley,182,0.79, ,0.0, ,974, ,1.3,2020-06-30,21:00,89.41999999999999, , ,28.0, ,11.1, ,1.8, ,3, ,20.0, 
212,Hastings Tract East,Sacramento Valley,182,0.8, ,0.0, ,937, ,1.2,2020-06-30,22:00,90.86, , ,25.0, ,10.0, ,2.5, ,226, ,20.4, 
212,Hastings Tract East,Sacramento Valley,182,0.79, ,0.0, ,813, ,1.2,2020-06-30,23:00,90.86, , ,24.0, ,9.7, ,4.1, ,238, ,20.9, 
