212,Hastings Tract East,Sacramento Valley,152,0.45, ,0.0, ,530, ,1.4,2020-06-01,00:00,228, ,23.7, ,48.0, ,12.1, ,3.9, , ,18.3, 
212,Hastings Tract East,Sacramento Valley,152,0.33, ,0.0, ,379, ,1.4,2020-06-01,01:00,226, ,23.4, ,49.0, ,12.0, ,3.5, , ,18.5, 
212,Hastings Tract East,Sacramento Valley,152,0.28, ,0.0, ,305, ,1.4,2020-06-01,02:00,237, ,22.6, ,50.0, ,11.8, ,4.0, , ,18.6, 
212,Hastings Tract East,Sacramento Valley,152,0.08, ,0.0, ,56, ,1.4,2020-06-01,03:00,248, ,20.3, ,58.0, ,11.9, ,3.9, , ,18.7, 
212,Hastings Tract East,Sacramento Valley,152,0.02, ,0.0, ,4, ,1.4,2020-06-01,04:00,242, ,17.7, ,68.0, ,11.7, ,4.1, , ,18.8, 
212,Hastings Tract East,Sacramento Valley,152,0.01, ,0.0, ,0, ,1.3,2020-06-01,05:00,234, ,16.4, ,70.0, ,11.0, ,4.0, , ,18.7, 
212,Hastings Tract East,Sacramento Valley,152,0.01, ,0.0, ,0, ,1.3,2020-06-01,06:00,229, ,16.1, ,71.0, ,10.9, ,3.3, , ,18.6, 
212,Hastings Tract East,Sacramento Valley,152,0.01, ,0.0, ,0, ,1.3,2020-06-01,07:00,234, ,16.2, ,71.0, ,10.9, ,4.1, , ,18.5, 
212,Hastings Tract East,Sacramento Valley,152,0.01, ,0.0, ,0, ,1.3,2020-06-01,08:00,238, ,15.8, ,74.0, ,11.2, ,4.5, , ,18.3, 
212,Hastings Tract East,Sacramento Valley,153,0.02, ,0.0, ,0, ,1.4,2020-06-01,09:00,240, ,15.5, ,77.0, ,11.6, ,4.2, , ,18.1, 
212,Hastings Tract East,Sacramento Valley,153,0.03, ,0.0, ,0, ,1.4,2020-06-01,10:00,235, ,15.3, ,78.0, ,11.6, ,4.5, , ,17.9, 
212,Hastings Tract East,Sacramento Valley,153,0.03, ,0.0, ,0, ,1.4,2020-06-01,11:00,231, ,15.3, ,78.0, ,11.5, ,4.6, , ,17.8, 
212,Hastings Tract East,Sacramento Valley,153,0.03, ,0.0, ,0, ,1.4,2020-06-01,12:00,229, ,15.2, ,78.0, ,11.4, ,4.6, , ,17.6, 
212,Hastings Tract East,Sacramento Valley,153,0.02, ,0.0, ,0, ,1.4,2020-06-01,13:00,235, ,15.0, ,80.0, ,11.5, ,4.5, , ,17.5, 
212,Hastings Tract East,Sacramento Valley,153,0.03, ,0.0, ,25, ,1.4,2020-06-01,14:00,240, ,14.7, ,81.0, ,11.5, ,4.1, , ,17.4, 
212,Hastings Tract East,Sacramento Valley,153,0.12, ,0.0, ,137, ,1.4,2020-06-01,15:00,229, ,15.8, ,77.0, ,11.7, ,3.6, , ,17.2, 
212,Hastings Tract East,Sacramento Valley,153,0.26, ,0.0, ,378, ,1.4,2020-06-01,16:00,234, ,17.7, ,69.0, ,12.0, ,3.5, , ,17.1, 
212,Hastings Tract East,Sacramento Valley,153,0.51, ,0.0, ,733, ,1.4,2020-06-01,17:00,239, ,20.0, ,61.0, ,12.3, ,4.4, , ,17.1, 
212,Hastings Tract East,Sacramento Valley,153,0.59, ,0.0, ,814, ,1.4,2020-06-01,18:00,239, ,21.8, ,55.0, ,12.3, ,3.7, , ,17.1, 
212,Hastings Tract East,Sacramento Valley,153,0.67, ,0.0, ,906, ,1.4,2020-06-01,19:00,252, ,23.6, ,48.0, ,11.8, ,3.0, , ,17.1, 
212,Hastings Tract East,Sacramento Valley,153,0.73, ,0.0, ,964, ,1.3,2020-06-01,20:00,239, ,25.2, ,42.0, ,11.3, ,2.6, , ,17.3, 
212,Hastings Tract East,Sacramento Valley,153,0.74, ,0.0, ,968, ,1.2,2020-06-01,21:00,266, ,26.7, ,35.0, ,10.2, ,2.0, , ,17.5, 
212,Hastings Tract East,Sacramento Valley,153,0.71, ,0.0, ,924, ,1.2,2020-06-01,22:00,302, ,28.3, ,30.0, ,9.1, ,1.8, , ,17.7, 
212,Hastings Tract East,Sacramento Valley,153,0.65, ,0.0, ,807, ,1.2,2020-06-01,23:00,332, ,29.5, ,29.0, ,9.7, ,1.8, , ,18.1, 
212,Hastings Tract East,Sacramento Valley,153,0.53, ,0.0, ,691, ,1.2,2020-06-02,00:00,302, ,29.7, ,29.0, ,9.9, ,1.8, , ,18.6, 
212,Hastings Tract East,Sacramento Valley,153,0.38, ,0.0, ,446, ,1.2,2020-06-02,01:00,248, ,29.3, ,30.0, ,9.9, ,1.7, , ,19.0, 
212,Hastings Tract East,Sacramento Valley,153,0.32, ,0.0, ,334, ,1.4,2020-06-02,02:00,238, ,28.0, ,36.0, ,11.5, ,3.4, , ,19.3, 
212,Hastings Tract East,Sacramento Valley,153,0.11, ,0.0, ,103, ,1.4,2020-06-02,03:00,243, ,24.9, ,46.0, ,12.3, ,3.8, , ,19.6, 
212,Hastings Tract East,Sacramento Valley,153,0.03, ,0.0, ,8, ,1.4,2020-06-02,04:00,238, ,21.4, ,56.0, ,12.1, ,3.3, , ,19.7, 
212,Hastings Tract East,Sacramento Valley,153,0.02, ,0.0, ,0, ,1.4,2020-06-02,05:00,231, ,19.8, ,59.0, ,11.6, ,3.6, , ,19.7, 
212,Hastings Tract East,Sacramento Valley,153,0.02, ,0.0, ,0, ,1.3,2020-06-02,06:00,234, ,19.2, ,60.0, ,11.2, ,3.4, , ,19.6, 
212,Hastings Tract East,Sacramento Valley,153,0.0, ,0.0, ,0, ,1.4,2020-06-02,07:00,240, ,18.2, ,66.0, ,11.7, ,2.8, , ,19.4, 
212,Hastings Tract East,Sacramento Valley,153,0.0, ,0.0, ,0, ,1.4,2020-06-02,08:00,240, ,17.6, ,68.0, ,11.6, ,2.7, , ,19.2, 
212,Hastings Tract East,Sacramento Valley,154,0.0, ,0.0, ,0, ,1.4,2020-06-02,09:00,240, ,17.1, ,70.0, ,11.6, ,2.5, , ,19.0, 
212,Hastings Tract East,Sacramento Valley,154,0.0, ,0.0, ,0, ,1.3,2020-06-02,10:00,243, ,16.7, ,71.0, ,11.4, ,2.2, , ,18.8, 
212,Hastings Tract East,Sacramento Valley,154,0.0, ,0.0, ,0, ,1.4,2020-06-02,11:00,250, ,15.7, ,77.0, ,11.7, ,2.0, , ,18.6, 
212,Hastings Tract East,Sacramento Valley,154,0.0, ,0.0, ,0, ,1.4,2020-06-02,12:00,264, ,14.6, ,85.0, ,12.1, ,1.3, , ,18.5, 
212,Hastings Tract East,Sacramento Valley,154,0.0, ,0.0, ,4, ,1.4,2020-06-02,13:00,253, ,14.3, ,88.0, ,12.4, ,1.8, , ,18.3, 
212,Hastings Tract East,Sacramento Valley,154,0.03, ,0.0, ,94, ,1.5,2020-06-02,14:00,243, ,15.7, ,86.0, ,13.4, ,1.9, , ,18.2, 
212,Hastings Tract East,Sacramento Valley,154,0.19, ,0.0, ,275, ,1.6,2020-06-02,15:00,246, ,19.6, ,71.0, ,14.3, ,2.5, , ,18.0, 
212,Hastings Tract East,Sacramento Valley,154,0.35, ,0.0, ,479, ,1.6,2020-06-02,16:00,287, ,23.2, ,57.0, ,14.2, ,2.4, , ,17.9, 
212,Hastings Tract East,Sacramento Valley,154,0.49, ,0.0, ,626, ,1.6,2020-06-02,17:00,308, ,25.7, ,48.0, ,13.7, ,2.4, , ,17.9, 
212,Hastings Tract East,Sacramento Valley,154,0.63, ,0.0, ,803, ,1.6,2020-06-02,18:00,336, ,28.7, ,41.0, ,14.1, ,2.5, , ,17.9, 
212,Hastings Tract East,Sacramento Valley,154,0.74, ,0.0, ,904, ,1.6,2020-06-02,19:00,329, ,30.3, ,37.0, ,14.0, ,2.4, , ,18.0, 
212,Hastings Tract East,Sacramento Valley,154,0.79, ,0.0, ,963, ,1.6,2020-06-02,20:00,306, ,31.4, ,35.0, ,14.0, ,2.2, , ,18.2, 
212,Hastings Tract East,Sacramento Valley,154,0.8, ,0.0, ,971, ,1.5,2020-06-02,21:00,308, ,32.3, ,32.0, ,13.4, ,2.0, , ,18.5, 
212,Hastings Tract East,Sacramento Valley,154,0.77, ,0.0, ,925, ,1.4,2020-06-02,22:00,346, ,34.1, ,27.0, ,12.5, ,1.9, , ,18.8, 
212,Hastings Tract East,Sacramento Valley,154,0.69, ,0.0, ,832, ,1.4,2020-06-02,23:00,318, ,34.8, ,25.0, ,11.8, ,1.8, , ,19.2, 
212,Hastings Tract East,Sacramento Valley,154,0.59, ,0.0, ,694, ,1.4,2020-06-03,00:00,342, ,35.9, ,25.0, ,12.5, ,2.1, , ,19.7, 
212,Hastings Tract East,Sacramento Valley,154,0.47, ,0.0, ,502, ,1.6,2020-06-03,01:00,257, ,34.4, ,30.0, ,14.5, ,2.6, , ,20.2, 
212,Hastings Tract East,Sacramento Valley,154,0.36, ,0.0, ,306, ,1.6,2020-06-03,02:00,244, ,32.5, ,33.0, ,13.9, ,3.7, , ,20.5, 
212,Hastings Tract East,Sacramento Valley,154,0.17, ,0.0, ,119, ,1.5,2020-06-03,03:00,240, ,29.5, ,36.0, ,13.0, ,3.7, , ,20.8, 
212,Hastings Tract East,Sacramento Valley,154,0.09, ,0.0, ,9, ,1.3,2020-06-03,04:00,232, ,26.3, ,38.0, ,10.9, ,3.2, , ,21.0, 
212,Hastings Tract East,Sacramento Valley,154,0.07,Y,0.0, ,0, ,1.3,2020-06-03,05:00,226, ,24.4,Y,43.0,Y,11.1,Y,3.4, , ,20.9, 
212,Hastings Tract East,Sacramento Valley,154,0.06,Y,0.0, ,0, ,1.4,2020-06-03,06:00,236, ,23.3,Y,47.0,Y,11.4,Y,3.5, , ,20.8, 
212,Hastings Tract East,Sacramento Valley,154,0.06,Y,0.0, ,0, ,1.3,2020-06-03,07:00,238, ,22.4,Y,50.0,Y,11.4,Y,3.5, , ,20.7, 
212,Hastings Tract East,Sacramento Valley,154,0.05,Y,0.0, ,0, ,1.3,2020-06-03,08:00,234, ,22.0,Y,49.0,Y,10.7,Y,3.2, , ,20.5, 
212,Hastings Tract East,Sacramento Valley,155,0.04,Y,0.0, ,0, ,1.3,2020-06-03,09:00,243, ,20.9,Y,53.0,Y,11.0,Y,2.8, , ,20.3, 
212,Hastings Tract East,Sacramento Valley,155,0.03,Y,0.0, ,0, ,1.3,2020-06-03,10:00,239, ,20.1,Y,56.0,Y,10.9,Y,2.7, , ,20.1, 
212,Hastings Tract East,Sacramento Valley,155,0.01, ,0.0, ,0, ,1.3,2020-06-03,11:00,221, ,18.9, ,59.0, ,10.6, ,1.3, , ,19.9, 
212,Hastings Tract East,Sacramento Valley,155,0.0, ,0.0, ,0, ,1.3,2020-06-03,12:00,233, ,17.5, ,65.0, ,10.8, ,1.2, , ,19.7, 
212,Hastings Tract East,Sacramento Valley,155,0.0, ,0.0, ,4, ,1.3,2020-06-03,13:00,217, ,15.5, ,76.0, ,11.3, ,1.1, , ,19.5, 
212,Hastings Tract East,Sacramento Valley,155,0.03, ,0.0, ,94, ,1.5,2020-06-03,14:00,223, ,16.8, ,76.0, ,12.6, ,0.9, , ,19.3, 
212,Hastings Tract East,Sacramento Valley,155,0.19,Y,0.0, ,278, ,1.7,2020-06-03,15:00,268, ,21.2,Y,66.0,Y,14.5,Y,1.7, , ,19.2, 
212,Hastings Tract East,Sacramento Valley,155,0.35,Y,0.0, ,476, ,1.9,2020-06-03,16:00,288, ,25.0,Y,59.0,Y,16.5,Y,2.2, , ,19.0, 
212,Hastings Tract East,Sacramento Valley,155,0.5, ,0.0, ,656, ,1.9,2020-06-03,17:00,332, ,27.3, ,54.0, ,17.1, ,2.1, , ,19.0, 
212,Hastings Tract East,Sacramento Valley,155,0.62, ,0.0, ,798, ,1.9,2020-06-03,18:00,345, ,29.6, ,46.0, ,16.7, ,1.7, , ,19.0, 
212,Hastings Tract East,Sacramento Valley,155,0.71, ,0.0, ,899, ,1.9,2020-06-03,19:00,345, ,31.5, ,42.0, ,16.9, ,1.6, , ,19.1, 
212,Hastings Tract East,Sacramento Valley,155,0.77, ,0.0, ,958, ,1.9,2020-06-03,20:00,302, ,32.9, ,38.0, ,16.5, ,1.5, , ,19.3, 
212,Hastings Tract East,Sacramento Valley,155,0.81, ,0.0, ,967, ,1.7,2020-06-03,21:00,360, ,34.9, ,30.0, ,14.5, ,1.7, , ,19.6, 
212,Hastings Tract East,Sacramento Valley,155,0.8, ,0.0, ,921, ,1.5,2020-06-03,22:00,35, ,36.5, ,25.0, ,13.1, ,2.1, , ,20.0, 
212,Hastings Tract East,Sacramento Valley,155,0.7, ,0.0, ,824, ,1.5,2020-06-03,23:00,67, ,36.9, ,24.0, ,12.7, ,1.8, , ,20.4, 
212,Hastings Tract East,Sacramento Valley,155,0.65, ,0.0, ,696, ,1.2,2020-06-04,00:00,245, ,37.0, ,19.0, ,9.9, ,3.1, , ,20.9, 
212,Hastings Tract East,Sacramento Valley,155,0.54, ,0.0, ,503, ,1.3,2020-06-04,01:00,254, ,35.9, ,21.0, ,10.4, ,3.6, , ,21.3, 
212,Hastings Tract East,Sacramento Valley,155,0.4, ,0.0, ,312, ,1.5,2020-06-04,02:00,243, ,34.1, ,27.0, ,12.6, ,4.1, , ,21.7, 
212,Hastings Tract East,Sacramento Valley,155,0.16, ,0.0, ,112, ,1.3,2020-06-04,03:00,228, ,31.0, ,28.0, ,10.6, ,3.2, , ,21.8, 
212,Hastings Tract East,Sacramento Valley,155,0.07, ,0.0, ,5, ,1.3,2020-06-04,04:00,225, ,26.7, ,37.0, ,11.0, ,2.4, , ,21.9, 
212,Hastings Tract East,Sacramento Valley,155,0.05, ,0.0, ,0, ,1.4,2020-06-04,05:00,220, ,24.3, ,45.0, ,11.8, ,2.8, , ,21.8, 
212,Hastings Tract East,Sacramento Valley,155,0.04, ,0.0, ,0, ,1.4,2020-06-04,06:00,226, ,22.7, ,51.0, ,12.0, ,2.5, , ,21.7, 
212,Hastings Tract East,Sacramento Valley,155,0.03, ,0.0, ,0, ,1.4,2020-06-04,07:00,224, ,21.3, ,54.0, ,11.7, ,2.4, , ,21.5, 
212,Hastings Tract East,Sacramento Valley,155,0.04,Y,0.0, ,0, ,1.3,2020-06-04,08:00,233, ,21.6,Y,52.0,Y,11.3,Y,3.2, , ,21.3, 
212,Hastings Tract East,Sacramento Valley,156,0.02, ,0.0, ,0, ,1.3,2020-06-04,09:00,240, ,19.6, ,59.0, ,11.4, ,2.4, , ,21.1, 
212,Hastings Tract East,Sacramento Valley,156,0.01, ,0.0, ,0, ,1.4,2020-06-04,10:00,249, ,19.0, ,63.0, ,11.7, ,2.5, , ,20.8, 
212,Hastings Tract East,Sacramento Valley,156,0.0, ,0.0, ,0, ,1.4,2020-06-04,11:00,243, ,17.1, ,72.0, ,12.0, ,1.5, , ,20.6, 
212,Hastings Tract East,Sacramento Valley,156,0.0, ,0.0, ,0, ,1.4,2020-06-04,12:00,225, ,16.3, ,75.0, ,11.9, ,1.2, , ,20.4, 
212,Hastings Tract East,Sacramento Valley,156,0.0, ,0.0, ,5, ,1.4,2020-06-04,13:00,254, ,14.9, ,84.0, ,12.3, ,1.8, , ,20.2, 
212,Hastings Tract East,Sacramento Valley,156,0.03, ,0.0, ,102, ,1.6,2020-06-04,14:00,256, ,16.5, ,83.0, ,13.6, ,1.9, , ,20.0, 
212,Hastings Tract East,Sacramento Valley,156,0.21, ,0.0, ,286, ,1.6,2020-06-04,15:00,249, ,20.5, ,68.0, ,14.3, ,2.9, , ,19.8, 
212,Hastings Tract East,Sacramento Valley,156,0.36, ,0.0, ,493, ,1.6,2020-06-04,16:00,281, ,24.4, ,54.0, ,14.5, ,2.4, , ,19.6, 
212,Hastings Tract East,Sacramento Valley,156,0.5, ,0.0, ,674, ,1.7,2020-06-04,17:00,305, ,26.7, ,49.0, ,15.1, ,2.2, , ,19.5, 
212,Hastings Tract East,Sacramento Valley,156,0.66, ,0.0, ,815, ,1.8,2020-06-04,18:00,334, ,29.8, ,42.0, ,15.4, ,2.6, , ,19.5, 
212,Hastings Tract East,Sacramento Valley,156,0.74, ,0.0, ,904, ,1.8,2020-06-04,19:00,353, ,31.5, ,38.0, ,15.4, ,2.3, , ,19.6, 
212,Hastings Tract East,Sacramento Valley,156,0.8, ,0.0, ,975, ,1.8,2020-06-04,20:00,338, ,32.8, ,35.0, ,15.5, ,1.9, , ,19.8, 
212,Hastings Tract East,Sacramento Valley,156,0.81, ,0.0, ,980, ,1.7,2020-06-04,21:00,309, ,34.0, ,31.0, ,14.6, ,1.7, , ,20.0, 
212,Hastings Tract East,Sacramento Valley,156,0.79, ,0.0, ,929, ,1.5,2020-06-04,22:00,351, ,35.8, ,26.0, ,13.4, ,1.9, , ,20.4, 
212,Hastings Tract East,Sacramento Valley,156,0.72, ,0.0, ,834, ,1.5,2020-06-04,23:00,286, ,36.8, ,24.0, ,12.7, ,1.9, , ,20.8, 
212,Hastings Tract East,Sacramento Valley,156,0.68, ,0.0, ,704, ,1.2,2020-06-05,00:00,236, ,36.8, ,19.0, ,9.4, ,3.7, , ,21.3, 
212,Hastings Tract East,Sacramento Valley,156,0.54, ,0.0, ,531, ,1.2,2020-06-05,01:00,241, ,35.7, ,20.0, ,9.2, ,4.1, , ,21.7, 
212,Hastings Tract East,Sacramento Valley,156,0.42, ,0.0, ,321, ,1.6,2020-06-05,02:00,241, ,32.7, ,32.0, ,13.6, ,5.1, , ,22.0, 
212,Hastings Tract East,Sacramento Valley,156,0.19, ,0.0, ,129, ,1.5,2020-06-05,03:00,236, ,29.3, ,36.0, ,12.5, ,4.1, , ,22.2, 
212,Hastings Tract East,Sacramento Valley,156,0.07, ,0.0, ,10, ,1.4,2020-06-05,04:00,237, ,25.4, ,44.0, ,12.3, ,3.0, , ,22.2, 
212,Hastings Tract East,Sacramento Valley,156,0.05, ,0.0, ,0, ,1.4,2020-06-05,05:00,232, ,22.4, ,50.0, ,11.5, ,3.5, , ,22.1, 
212,Hastings Tract East,Sacramento Valley,156,0.05, ,0.0, ,0, ,1.3,2020-06-05,06:00,232, ,20.1, ,57.0, ,11.2, ,4.8, , ,21.9, 
212,Hastings Tract East,Sacramento Valley,156,0.03, ,0.0, ,0, ,1.3,2020-06-05,07:00,239, ,17.6, ,64.0, ,10.6, ,4.9, , ,21.7, 
212,Hastings Tract East,Sacramento Valley,156,0.02, ,0.0, ,0, ,1.2,2020-06-05,08:00,234, ,15.6, ,69.0, ,10.0, ,4.8, , ,21.4, 
212,Hastings Tract East,Sacramento Valley,157,0.03, ,0.0, ,0, ,1.3,2020-06-05,09:00,231, ,15.5, ,71.0, ,10.3, ,6.8, , ,21.1, 
212,Hastings Tract East,Sacramento Valley,157,0.02, ,0.0, ,0, ,1.2,2020-06-05,10:00,236, ,14.9, ,74.0, ,10.2, ,6.3, , ,20.7, 
212,Hastings Tract East,Sacramento Valley,157,0.01, ,0.0, ,0, ,1.2,2020-06-05,11:00,242, ,13.8, ,78.0, ,10.0, ,5.5, , ,20.4, 
212,Hastings Tract East,Sacramento Valley,157,0.01, ,0.0, ,0, ,1.2,2020-06-05,12:00,235, ,13.8, ,77.0, ,9.8, ,6.2, , ,20.1, 
212,Hastings Tract East,Sacramento Valley,157,0.01, ,0.0, ,5, ,1.2,2020-06-05,13:00,239, ,13.2, ,81.0, ,9.9, ,6.6, , ,19.7, 
212,Hastings Tract East,Sacramento Valley,157,0.07, ,0.0, ,96, ,1.2,2020-06-05,14:00,233, ,13.6, ,79.0, ,10.1, ,6.9, , ,19.4, 
212,Hastings Tract East,Sacramento Valley,157,0.22, ,0.0, ,285, ,1.3,2020-06-05,15:00,234, ,15.4, ,72.0, ,10.3, ,6.8, , ,19.1, 
212,Hastings Tract East,Sacramento Valley,157,0.38, ,0.0, ,491, ,1.2,2020-06-05,16:00,227, ,17.1, ,63.0, ,9.9, ,7.7, , ,18.9, 
212,Hastings Tract East,Sacramento Valley,157,0.52, ,0.0, ,675, ,1.2,2020-06-05,17:00,230, ,19.0, ,57.0, ,10.2, ,7.4, , ,18.7, 
212,Hastings Tract East,Sacramento Valley,157,0.69, ,0.0, ,824, ,1.2,2020-06-05,18:00,233, ,20.1, ,52.0, ,9.9, ,8.9, , ,18.6, 
212,Hastings Tract East,Sacramento Valley,157,0.77, ,0.0, ,923, ,1.2,2020-06-05,19:00,230, ,21.3, ,49.0, ,10.3, ,7.9, , ,18.5, 
212,Hastings Tract East,Sacramento Valley,157,0.83, ,0.0, ,977, ,1.3,2020-06-05,20:00,228, ,21.8, ,49.0, ,10.6, ,8.5, , ,18.6, 
212,Hastings Tract East,Sacramento Valley,157,0.87, ,0.0, ,997, ,1.3,2020-06-05,21:00,237, ,22.2, ,47.0, ,10.4, ,9.1, , ,18.7, 
212,Hastings Tract East,Sacramento Valley,157,0.75, ,0.0, ,824, ,1.3,2020-06-05,22:00,233, ,21.4, ,51.0, ,10.9, ,9.3, , ,18.8, 
212,Hastings Tract East,Sacramento Valley,157,0.72, ,0.0, ,782, ,1.3,2020-06-05,23:00,229, ,21.9, ,48.0, ,10.4, ,8.9, , ,19.0, 
212,Hastings Tract East,Sacramento Valley,157,0.64, ,0.0, ,642, ,1.2,2020-06-06,00:00,235, ,21.9, ,46.0, ,9.7, ,9.3, , ,19.2, 
212,Hastings Tract East,Sacramento Valley,157,0.51, ,0.0, ,547, ,1.2,2020-06-06,01:00,237, ,20.6, ,49.0, ,9.6, ,9.5, , ,19.4, 
212,Hastings Tract East,Sacramento Valley,157,0.31, ,0.0, ,257, ,1.2,2020-06-06,02:00,235, ,18.7, ,53.0, ,9.1, ,8.0, , ,19.5, 
212,Hastings Tract East,Sacramento Valley,157,0.21, ,0.0, ,142, ,1.1,2020-06-06,03:00,237, ,17.3, ,56.0, ,8.5, ,8.3, , ,19.5, 
212,Hastings Tract East,Sacramento Valley,157,0.1, ,0.0, ,9, ,1.1,2020-06-06,04:00,235, ,15.4, ,64.0, ,8.6, ,9.2, , ,19.5, 
212,Hastings Tract East,Sacramento Valley,157,0.07, ,0.0, ,0, ,1.1,2020-06-06,05:00,234, ,14.5, ,68.0, ,8.7, ,9.3, , ,19.3, 
212,Hastings Tract East,Sacramento Valley,157,0.05, ,0.0, ,0, ,1.1,2020-06-06,06:00,234, ,14.1, ,70.0, ,8.7, ,7.8, , ,19.1, 
212,Hastings Tract East,Sacramento Valley,157,0.04, ,0.0, ,0, ,1.1,2020-06-06,07:00,237, ,13.7, ,71.0, ,8.5, ,6.7, , ,18.8, 
212,Hastings Tract East,Sacramento Valley,157,0.05, ,0.0, ,0, ,1.1,2020-06-06,08:00,235, ,13.4, ,71.0, ,8.3, ,7.1, , ,18.5, 
212,Hastings Tract East,Sacramento Valley,158,0.05, ,0.0, ,0, ,1.1,2020-06-06,09:00,235, ,13.2, ,72.0, ,8.2, ,6.7, , ,18.2, 
212,Hastings Tract East,Sacramento Valley,158,0.04, ,0.0, ,0, ,1.1,2020-06-06,10:00,242, ,12.7, ,73.0, ,7.9, ,6.1, , ,17.9, 
212,Hastings Tract East,Sacramento Valley,158,0.05, ,0.0, ,0, ,1.1,2020-06-06,11:00,240, ,12.5, ,74.0, ,7.9, ,7.1, , ,17.6, 
212,Hastings Tract East,Sacramento Valley,158,0.04, ,0.0, ,0, ,1.1,2020-06-06,12:00,235, ,12.2, ,75.0, ,7.9, ,6.7, , ,17.3, 
212,Hastings Tract East,Sacramento Valley,158,0.03, ,0.0, ,4, ,1.1,2020-06-06,13:00,237, ,11.8, ,77.0, ,8.0, ,5.8, , ,17.1, 
212,Hastings Tract East,Sacramento Valley,158,0.07, ,0.0, ,50, ,1.1,2020-06-06,14:00,238, ,12.6, ,74.0, ,8.1, ,6.1, , ,17.0, 
212,Hastings Tract East,Sacramento Valley,158,0.15, ,0.0, ,147, ,1.1,2020-06-06,15:00,239, ,13.4, ,69.0, ,7.9, ,5.6, , ,16.8, 
212,Hastings Tract East,Sacramento Valley,158,0.34, ,0.0, ,499, ,1.1,2020-06-06,16:00,241, ,15.8, ,60.0, ,8.0, ,6.1, , ,16.7, 
212,Hastings Tract East,Sacramento Valley,158,0.51, ,0.0, ,683, ,1.1,2020-06-06,17:00,237, ,18.0, ,52.0, ,7.9, ,6.3, , ,16.6, 
212,Hastings Tract East,Sacramento Valley,158,0.65, ,0.0, ,833, ,1.1,2020-06-06,18:00,238, ,19.8, ,47.0, ,8.2, ,6.5, , ,16.6, 
212,Hastings Tract East,Sacramento Valley,158,0.77, ,0.0, ,937, ,1.1,2020-06-06,19:00,233, ,21.4, ,44.0, ,8.5, ,7.0, , ,16.6, 
212,Hastings Tract East,Sacramento Valley,158,0.83, ,0.0, ,993, ,1.1,2020-06-06,20:00,230, ,22.6, ,42.0, ,9.0, ,6.6, , ,16.7, 
212,Hastings Tract East,Sacramento Valley,158,0.85, ,0.0, ,997, ,1.1,2020-06-06,21:00,232, ,23.2, ,40.0, ,8.8, ,6.8, , ,16.9, 
212,Hastings Tract East,Sacramento Valley,158,0.84, ,0.0, ,949, ,1.1,2020-06-06,22:00,233, ,23.6, ,38.0, ,8.3, ,7.3, , ,17.2, 
212,Hastings Tract East,Sacramento Valley,158,0.78, ,0.0, ,849, ,1.0,2020-06-06,23:00,237, ,23.2, ,36.0, ,7.3, ,8.0, , ,17.5, 
212,Hastings Tract East,Sacramento Valley,158,0.68, ,0.0, ,700, ,1.0,2020-06-07,00:00,235, ,22.4, ,37.0, ,7.0, ,8.9, , ,17.8, 
212,Hastings Tract East,Sacramento Valley,158,0.52, ,0.0, ,534, ,1.0,2020-06-07,01:00,233, ,21.7, ,39.0, ,7.1, ,8.2, , ,18.1, 
212,Hastings Tract East,Sacramento Valley,158,0.43, ,0.0, ,324, ,0.9,2020-06-07,02:00,240, ,19.9, ,39.0, ,5.6, ,9.3, , ,18.2, 
212,Hastings Tract East,Sacramento Valley,158,0.18, ,0.0, ,132, ,1.0,2020-06-07,03:00,236, ,17.4, ,49.0, ,6.5, ,7.0, , ,18.3, 
212,Hastings Tract East,Sacramento Valley,158,0.05, ,0.0, ,11, ,1.0,2020-06-07,04:00,236, ,15.2, ,58.0, ,7.0, ,5.2, , ,18.2, 
212,Hastings Tract East,Sacramento Valley,158,0.03, ,0.0, ,0, ,1.0,2020-06-07,05:00,238, ,14.1, ,63.0, ,7.3, ,5.4, , ,18.1, 
212,Hastings Tract East,Sacramento Valley,158,0.04, ,0.0, ,0, ,1.0,2020-06-07,06:00,242, ,13.5, ,63.0, ,6.7, ,5.8, , ,17.9, 
212,Hastings Tract East,Sacramento Valley,158,0.02, ,0.0, ,0, ,1.0,2020-06-07,07:00,232, ,12.5, ,67.0, ,6.6, ,4.5, , ,17.7, 
212,Hastings Tract East,Sacramento Valley,158,0.01, ,0.0, ,0, ,1.0,2020-06-07,08:00,239, ,11.5, ,70.0, ,6.2, ,3.9, , ,17.4, 
212,Hastings Tract East,Sacramento Valley,159,0.0, ,0.0, ,0, ,0.9,2020-06-07,09:00,241, ,10.4, ,73.0, ,5.8, ,2.7, , ,17.2, 
212,Hastings Tract East,Sacramento Valley,159,0.0,Y,0.0, ,0, ,0.9,2020-06-07,10:00,248, ,8.8,Y,77.0,Y,4.9,Y,1.6, , ,16.9, 
212,Hastings Tract East,Sacramento Valley,159,0.0,Y,0.0, ,0, ,0.8,2020-06-07,11:00,237, ,7.4,Y,80.0,Y,4.3,Y,1.3, , ,16.7, 
212,Hastings Tract East,Sacramento Valley,159,0.0,Y,0.0, ,0, ,0.8,2020-06-07,12:00,254, ,7.2,Y,83.0,Y,4.4,Y,1.3, , ,16.4, 
212,Hastings Tract East,Sacramento Valley,159,0.0,Y,0.0, ,4, ,0.8,2020-06-07,13:00,253, ,7.0,Y,82.0,Y,4.2,Y,1.4, , ,16.2, 
212,Hastings Tract East,Sacramento Valley,159,0.02,Y,0.0, ,102, ,0.9,2020-06-07,14:00,243, ,8.8,Y,79.0,Y,5.5,Y,1.7, , ,16.0, 
212,Hastings Tract East,Sacramento Valley,159,0.19, ,0.0, ,292, ,0.9,2020-06-07,15:00,254, ,13.2, ,61.0, ,5.8, ,3.2, , ,15.8, 
212,Hastings Tract East,Sacramento Valley,159,0.3, ,0.0, ,500, ,0.9,2020-06-07,16:00,294, ,15.9, ,48.0, ,4.8, ,2.6, , ,15.7, 
212,Hastings Tract East,Sacramento Valley,159,0.42, ,0.0, ,687, ,0.9,2020-06-07,17:00,300, ,17.4, ,43.0, ,4.6, ,1.9, , ,15.6, 
212,Hastings Tract East,Sacramento Valley,159,0.54, ,0.0, ,843, ,0.8,2020-06-07,18:00,323, ,18.3, ,39.0, ,4.0, ,1.8, , ,15.5, 
212,Hastings Tract East,Sacramento Valley,159,0.62, ,0.0, ,947, ,0.8,2020-06-07,19:00,280, ,18.9, ,38.0, ,4.3, ,1.8, , ,15.6, 
212,Hastings Tract East,Sacramento Valley,159,0.71, ,0.0, ,1004, ,0.8,2020-06-07,20:00,358, ,20.6, ,33.0, ,3.8, ,2.4, , ,15.7, 
212,Hastings Tract East,Sacramento Valley,159,0.73, ,0.0, ,1013, ,0.8,2020-06-07,21:00,7, ,21.9, ,30.0, ,3.4, ,2.2, , ,16.0, 
212,Hastings Tract East,Sacramento Valley,159,0.71, ,0.0, ,980, ,0.7,2020-06-07,22:00,9, ,22.9, ,27.0, ,2.7, ,2.0, , ,16.3, 
212,Hastings Tract East,Sacramento Valley,159,0.66, ,0.0, ,896, ,0.7,2020-06-07,23:00,59, ,23.4, ,25.0, ,2.5, ,2.3, , ,16.6, 
212,Hastings Tract East,Sacramento Valley,159,0.61, ,0.0, ,715, ,1.0,2020-06-08,00:00,224, ,22.5, ,36.0, ,6.6, ,5.8, , ,17.0, 
212,Hastings Tract East,Sacramento Valley,159,0.47, ,0.0, ,531, ,1.0,2020-06-08,01:00,231, ,22.0, ,37.0, ,6.6, ,6.2, , ,17.4, 
212,Hastings Tract East,Sacramento Valley,159,0.35, ,0.0, ,324, ,1.0,2020-06-08,02:00,234, ,20.7, ,39.0, ,6.3, ,6.1, , ,17.6, 
212,Hastings Tract East,Sacramento Valley,159,0.13, ,0.0, ,115, ,1.0,2020-06-08,03:00,233, ,19.4, ,43.0, ,6.4, ,4.4, , ,17.7, 
212,Hastings Tract East,Sacramento Valley,159,0.04, ,0.0, ,12, ,1.0,2020-06-08,04:00,216, ,16.9, ,52.0, ,7.1, ,2.8, , ,17.7, 
212,Hastings Tract East,Sacramento Valley,159,0.0, ,0.0, ,0, ,1.0,2020-06-08,05:00,245, ,14.7, ,58.0, ,6.4, ,1.6, , ,17.6, 
212,Hastings Tract East,Sacramento Valley,159,0.0, ,0.0, ,0, ,1.0,2020-06-08,06:00,251, ,13.6, ,62.0, ,6.4, ,1.6, , ,17.5, 
212,Hastings Tract East,Sacramento Valley,159,0.0, ,0.0, ,0, ,0.9,2020-06-08,07:00,305, ,14.0, ,58.0, ,6.0, ,1.5, , ,17.3, 
212,Hastings Tract East,Sacramento Valley,159,0.0, ,0.0, ,0, ,0.9,2020-06-08,08:00,324, ,14.3, ,57.0, ,5.7, ,1.6, , ,17.2, 
212,Hastings Tract East,Sacramento Valley,160,0.02, ,0.0, ,0, ,0.9,2020-06-08,09:00,350, ,14.5, ,53.0, ,5.0, ,2.5, , ,17.0, 
212,Hastings Tract East,Sacramento Valley,160,0.02, ,0.0, ,0, ,0.8,2020-06-08,10:00,349, ,14.3, ,50.0, ,4.1, ,2.8, , ,16.8, 
212,Hastings Tract East,Sacramento Valley,160,0.02, ,0.0, ,0, ,0.8,2020-06-08,11:00,338, ,14.0, ,50.0, ,3.9, ,2.4, , ,16.7, 
212,Hastings Tract East,Sacramento Valley,160,0.02, ,0.0, ,0, ,0.8,2020-06-08,12:00,355, ,13.3, ,53.0, ,3.8, ,2.9, , ,16.5, 
212,Hastings Tract East,Sacramento Valley,160,0.03, ,0.0, ,7, ,0.8,2020-06-08,13:00,352, ,13.1, ,51.0, ,3.3, ,3.6, , ,16.3, 
212,Hastings Tract East,Sacramento Valley,160,0.07, ,0.0, ,110, ,0.8,2020-06-08,14:00,346, ,14.1, ,49.0, ,3.4, ,3.0, , ,16.2, 
212,Hastings Tract East,Sacramento Valley,160,0.22, ,0.0, ,301, ,0.8,2020-06-08,15:00,336, ,16.0, ,44.0, ,3.9, ,3.2, , ,16.0, 
212,Hastings Tract East,Sacramento Valley,160,0.35, ,0.0, ,509, ,0.8,2020-06-08,16:00,343, ,18.0, ,39.0, ,3.9, ,3.7, , ,15.9, 
212,Hastings Tract East,Sacramento Valley,160,0.51, ,0.0, ,696, ,0.8,2020-06-08,17:00,342, ,19.8, ,35.0, ,3.9, ,3.9, , ,15.7, 
212,Hastings Tract East,Sacramento Valley,160,0.64, ,0.0, ,848, ,0.8,2020-06-08,18:00,334, ,21.4, ,32.0, ,4.0, ,3.7, , ,15.7, 
212,Hastings Tract East,Sacramento Valley,160,0.75, ,0.0, ,955, ,0.8,2020-06-08,19:00,342, ,22.8, ,29.0, ,3.7, ,3.8, , ,15.7, 
212,Hastings Tract East,Sacramento Valley,160,0.76, ,0.0, ,977, ,0.8,2020-06-08,20:00,332, ,24.3, ,26.0, ,3.7, ,3.2, , ,15.8, 
212,Hastings Tract East,Sacramento Valley,160,0.81, ,0.0, ,1016, ,0.7,2020-06-08,21:00,340, ,25.7, ,22.0, ,2.1, ,3.2, , ,16.0, 
212,Hastings Tract East,Sacramento Valley,160,0.78, ,0.0, ,969, ,0.6,2020-06-08,22:00,335, ,26.9, ,18.0, ,0.3, ,2.9, , ,16.2, 
212,Hastings Tract East,Sacramento Valley,160,0.7, ,0.0, ,869, ,0.7,2020-06-08,23:00,340, ,27.9, ,18.0, ,1.1, ,2.7, , ,16.5, 
212,Hastings Tract East,Sacramento Valley,160,0.58, ,0.0, ,724, ,0.7,2020-06-09,00:00,333, ,28.5, ,17.0, ,1.0, ,2.5, , ,16.9, 
212,Hastings Tract East,Sacramento Valley,160,0.42, ,0.0, ,538, ,0.8,2020-06-09,01:00,279, ,28.0, ,20.0, ,2.9, ,2.3, , ,17.3, 
212,Hastings Tract East,Sacramento Valley,160,0.38, ,0.0, ,327, ,0.9,2020-06-09,02:00,236, ,25.9, ,26.0, ,4.9, ,4.9, , ,17.6, 
212,Hastings Tract East,Sacramento Valley,160,0.18, ,0.0, ,133, ,0.8,2020-06-09,03:00,242, ,23.2, ,29.0, ,4.2, ,4.3, , ,17.8, 
212,Hastings Tract East,Sacramento Valley,160,0.07, ,0.0, ,6, ,0.8,2020-06-09,04:00,236, ,20.0, ,33.0, ,3.4, ,3.3, , ,17.9, 
212,Hastings Tract East,Sacramento Valley,160,0.04, ,0.0, ,0, ,0.9,2020-06-09,05:00,234, ,17.6, ,43.0, ,4.8, ,2.6, , ,17.9, 
212,Hastings Tract East,Sacramento Valley,160,0.03, ,0.0, ,0, ,0.9,2020-06-09,06:00,238, ,16.0, ,50.0, ,5.4, ,2.6, , ,17.7, 
212,Hastings Tract East,Sacramento Valley,160,0.02, ,0.0, ,0, ,1.0,2020-06-09,07:00,248, ,15.0, ,56.0, ,6.2, ,2.5, , ,17.6, 
212,Hastings Tract East,Sacramento Valley,160,0.0, ,0.0, ,0, ,1.0,2020-06-09,08:00,249, ,13.8, ,63.0, ,6.9, ,2.4, , ,17.4, 
212,Hastings Tract East,Sacramento Valley,161,0.0, ,0.0, ,0, ,1.1,2020-06-09,09:00,250, ,13.7, ,68.0, ,7.9, ,2.5, , ,17.2, 
212,Hastings Tract East,Sacramento Valley,161,0.0, ,0.0, ,0, ,1.1,2020-06-09,10:00,245, ,13.8, ,70.0, ,8.3, ,2.7, , ,17.0, 
212,Hastings Tract East,Sacramento Valley,161,0.01, ,0.0, ,0, ,1.1,2020-06-09,11:00,238, ,14.6, ,65.0, ,8.2, ,3.1, , ,16.8, 
212,Hastings Tract East,Sacramento Valley,161,0.0, ,0.0, ,0, ,1.1,2020-06-09,12:00,241, ,13.4, ,68.0, ,7.7, ,1.6, , ,16.7, 
212,Hastings Tract East,Sacramento Valley,161,0.0, ,0.0, ,6, ,1.1,2020-06-09,13:00,236, ,11.5, ,78.0, ,7.8, ,0.9, , ,16.5, 
212,Hastings Tract East,Sacramento Valley,161,0.03, ,0.0, ,105, ,1.1,2020-06-09,14:00,234, ,12.3, ,78.0, ,8.5, ,1.4, , ,16.4, 
212,Hastings Tract East,Sacramento Valley,161,0.19, ,0.0, ,292, ,1.2,2020-06-09,15:00,262, ,16.7, ,63.0, ,9.5, ,2.3, , ,16.3, 
212,Hastings Tract East,Sacramento Valley,161,0.32, ,0.0, ,497, ,1.1,2020-06-09,16:00,279, ,20.1, ,46.0, ,8.2, ,1.9, , ,16.2, 
212,Hastings Tract East,Sacramento Valley,161,0.48, ,0.0, ,684, ,1.1,2020-06-09,17:00,331, ,23.5, ,38.0, ,8.2, ,1.8, , ,16.1, 
212,Hastings Tract East,Sacramento Valley,161,0.62, ,0.0, ,829, ,1.0,2020-06-09,18:00,337, ,25.8, ,31.0, ,7.5, ,2.0, , ,16.1, 
212,Hastings Tract East,Sacramento Valley,161,0.7, ,0.0, ,925, ,1.1,2020-06-09,19:00,318, ,27.3, ,30.0, ,8.3, ,1.7, , ,16.3, 
212,Hastings Tract East,Sacramento Valley,161,0.76, ,0.0, ,985, ,1.0,2020-06-09,20:00,320, ,28.3, ,27.0, ,7.3, ,1.6, , ,16.5, 
212,Hastings Tract East,Sacramento Valley,161,0.77, ,0.0, ,990, ,0.9,2020-06-09,21:00,305, ,29.6, ,21.0, ,5.2, ,1.6, , ,16.7, 
212,Hastings Tract East,Sacramento Valley,161,0.75, ,0.0, ,940, ,0.9,2020-06-09,22:00,321, ,31.2, ,20.0, ,5.8, ,1.6, , ,17.1, 
212,Hastings Tract East,Sacramento Valley,161,0.68, ,0.0, ,847, ,1.0,2020-06-09,23:00,285, ,31.8, ,21.0, ,6.7, ,1.7, , ,17.5, 
212,Hastings Tract East,Sacramento Valley,161,0.57, ,0.0, ,708, ,1.0,2020-06-10,00:00,231, ,32.2, ,20.0, ,6.6, ,1.9, , ,18.0, 
212,Hastings Tract East,Sacramento Valley,161,0.49, ,0.0, ,529, ,1.1,2020-06-10,01:00,242, ,31.7, ,23.0, ,8.2, ,3.2, , ,18.5, 
212,Hastings Tract East,Sacramento Valley,161,0.38, ,0.0, ,327, ,1.2,2020-06-10,02:00,238, ,30.0, ,29.0, ,9.8, ,4.1, , ,18.9, 
212,Hastings Tract East,Sacramento Valley,161,0.18, ,0.0, ,130, ,1.3,2020-06-10,03:00,237, ,27.5, ,36.0, ,10.9, ,4.1, , ,19.2, 
212,Hastings Tract East,Sacramento Valley,161,0.07, ,0.0, ,12, ,1.3,2020-06-10,04:00,219, ,23.9, ,43.0, ,10.5, ,3.2, , ,19.3, 
212,Hastings Tract East,Sacramento Valley,161,0.05, ,0.0, ,0, ,1.2,2020-06-10,05:00,221, ,21.7, ,46.0, ,9.5, ,3.2, , ,19.3, 
212,Hastings Tract East,Sacramento Valley,161,0.05, ,0.0, ,0, ,1.2,2020-06-10,06:00,234, ,21.1, ,48.0, ,9.7, ,3.4, , ,19.2, 
212,Hastings Tract East,Sacramento Valley,161,0.05, ,0.0, ,0, ,1.2,2020-06-10,07:00,235, ,20.3, ,51.0, ,9.9, ,3.8, , ,19.1, 
212,Hastings Tract East,Sacramento Valley,161,0.04, ,0.0, ,0, ,1.3,2020-06-10,08:00,240, ,19.5, ,56.0, ,10.6, ,3.7, , ,18.9, 
212,Hastings Tract East,Sacramento Valley,162,0.02, ,0.0, ,0, ,1.4,2020-06-10,09:00,246, ,18.3, ,64.0, ,11.4, ,3.4, , ,18.7, 
212,Hastings Tract East,Sacramento Valley,162,0.01, ,0.0, ,0, ,1.3,2020-06-10,10:00,246, ,17.4, ,68.0, ,11.3, ,2.6, , ,18.5, 
212,Hastings Tract East,Sacramento Valley,162,0.0, ,0.0, ,0, ,1.3,2020-06-10,11:00,246, ,16.6, ,71.0, ,11.4, ,2.3, , ,18.4, 
212,Hastings Tract East,Sacramento Valley,162,0.0, ,0.0, ,0, ,1.4,2020-06-10,12:00,228, ,15.5, ,77.0, ,11.4, ,2.0, , ,18.2, 
212,Hastings Tract East,Sacramento Valley,162,0.0, ,0.0, ,6, ,1.3,2020-06-10,13:00,222, ,14.5, ,81.0, ,11.3, ,1.9, , ,18.1, 
212,Hastings Tract East,Sacramento Valley,162,0.04, ,0.0, ,104, ,1.4,2020-06-10,14:00,243, ,16.0, ,78.0, ,12.2, ,2.1, , ,17.9, 
212,Hastings Tract East,Sacramento Valley,162,0.2, ,0.0, ,286, ,1.5,2020-06-10,15:00,243, ,19.2, ,66.0, ,12.7, ,2.7, , ,17.8, 
212,Hastings Tract East,Sacramento Valley,162,0.36, ,0.0, ,479, ,1.5,2020-06-10,16:00,243, ,22.2, ,54.0, ,12.6, ,2.8, , ,17.7, 
212,Hastings Tract East,Sacramento Valley,162,0.47, ,0.0, ,670, ,1.5,2020-06-10,17:00,281, ,24.4, ,49.0, ,13.0, ,2.0, , ,17.6, 
212,Hastings Tract East,Sacramento Valley,162,0.58, ,0.0, ,749, ,1.6,2020-06-10,18:00,295, ,25.9, ,49.0, ,14.4, ,1.8, , ,17.7, 
212,Hastings Tract East,Sacramento Valley,162,0.62, ,0.0, ,780, ,1.7,2020-06-10,19:00,313, ,28.2, ,43.0, ,14.6, ,1.5, , ,17.8, 
212,Hastings Tract East,Sacramento Valley,162,0.75, ,0.0, ,957, ,1.6,2020-06-10,20:00,301, ,29.9, ,39.0, ,14.3, ,1.6, , ,18.0, 
212,Hastings Tract East,Sacramento Valley,162,0.74, ,0.0, ,898, ,1.5,2020-06-10,21:00,266, ,31.5, ,32.0, ,13.0, ,1.4, , ,18.2, 
212,Hastings Tract East,Sacramento Valley,162,0.75, ,0.0, ,889, ,1.5,2020-06-10,22:00,320, ,33.6, ,29.0, ,13.0, ,1.4, , ,18.6, 
212,Hastings Tract East,Sacramento Valley,162,0.74, ,0.0, ,852, ,1.1,2020-06-10,23:00,225, ,34.6, ,20.0, ,8.2, ,2.5, , ,19.0, 
212,Hastings Tract East,Sacramento Valley,162,0.63, ,0.0, ,715, ,1.1,2020-06-11,00:00,225, ,34.8, ,19.0, ,7.7, ,2.7, , ,19.5, 
212,Hastings Tract East,Sacramento Valley,162,0.54, ,0.0, ,536, ,1.1,2020-06-11,01:00,236, ,33.9, ,22.0, ,9.0, ,4.2, , ,20.0, 
212,Hastings Tract East,Sacramento Valley,162,0.4, ,0.0, ,337, ,1.3,2020-06-11,02:00,243, ,31.7, ,28.0, ,10.7, ,4.3, , ,20.3, 
212,Hastings Tract East,Sacramento Valley,162,0.2, ,0.0, ,134, ,1.3,2020-06-11,03:00,241, ,28.6, ,33.0, ,10.9, ,4.6, , ,20.5, 
212,Hastings Tract East,Sacramento Valley,162,0.06, ,0.0, ,5, ,1.4,2020-06-11,04:00,233, ,24.6, ,44.0, ,11.6, ,3.4, , ,20.5, 
212,Hastings Tract East,Sacramento Valley,162,0.04, ,0.0, ,0, ,1.4,2020-06-11,05:00,219, ,21.8, ,53.0, ,11.8, ,3.3, , ,20.5, 
212,Hastings Tract East,Sacramento Valley,162,0.03, ,0.0, ,0, ,1.5,2020-06-11,06:00,226, ,20.2, ,62.0, ,12.6, ,3.8, , ,20.3, 
212,Hastings Tract East,Sacramento Valley,162,0.02, ,0.0, ,0, ,1.5,2020-06-11,07:00,233, ,19.6, ,66.0, ,13.0, ,4.3, , ,20.2, 
212,Hastings Tract East,Sacramento Valley,162,0.02, ,0.0, ,0, ,1.5,2020-06-11,08:00,234, ,18.7, ,71.0, ,13.2, ,4.7, , ,20.0, 
212,Hastings Tract East,Sacramento Valley,163,0.02, ,0.0, ,0, ,1.5,2020-06-11,09:00,234, ,17.8, ,76.0, ,13.5, ,5.3, , ,19.7, 
212,Hastings Tract East,Sacramento Valley,163,0.01, ,0.0, ,0, ,1.5,2020-06-11,10:00,232, ,17.1, ,78.0, ,13.1, ,4.9, , ,19.5, 
212,Hastings Tract East,Sacramento Valley,163,0.0, ,0.0, ,0, ,1.5,2020-06-11,11:00,238, ,16.8, ,80.0, ,13.3, ,4.6, , ,19.3, 
212,Hastings Tract East,Sacramento Valley,163,0.0, ,0.0, ,0, ,1.5,2020-06-11,12:00,239, ,16.5, ,81.0, ,13.3, ,4.5, , ,19.1, 
212,Hastings Tract East,Sacramento Valley,163,0.0, ,0.0, ,8, ,1.5,2020-06-11,13:00,241, ,16.0, ,85.0, ,13.4, ,4.4, , ,18.9, 
212,Hastings Tract East,Sacramento Valley,163,0.07, ,0.0, ,120, ,1.5,2020-06-11,14:00,241, ,16.5, ,82.0, ,13.4, ,4.6, , ,18.8, 
212,Hastings Tract East,Sacramento Valley,163,0.21, ,0.0, ,283, ,1.6,2020-06-11,15:00,236, ,18.5, ,74.0, ,13.7, ,4.8, , ,18.6, 
212,Hastings Tract East,Sacramento Valley,163,0.38, ,0.0, ,529, ,1.6,2020-06-11,16:00,241, ,21.2, ,64.0, ,14.2, ,4.9, , ,18.5, 
212,Hastings Tract East,Sacramento Valley,163,0.45, ,0.0, ,556, ,1.7,2020-06-11,17:00,240, ,23.2, ,59.0, ,14.7, ,4.0, , ,18.4, 
212,Hastings Tract East,Sacramento Valley,163,0.65, ,0.0, ,834, ,1.7,2020-06-11,18:00,227, ,25.6, ,52.0, ,15.1, ,3.9, , ,18.4, 
212,Hastings Tract East,Sacramento Valley,163,0.75, ,0.0, ,922, ,1.7,2020-06-11,19:00,232, ,28.1, ,45.0, ,15.0, ,3.2, , ,18.5, 
212,Hastings Tract East,Sacramento Valley,163,0.79, ,0.0, ,902, ,1.6,2020-06-11,20:00,238, ,30.2, ,37.0, ,13.8, ,3.0, , ,18.7, 
212,Hastings Tract East,Sacramento Valley,163,0.9, ,0.0, ,990, ,1.2,2020-06-11,21:00,241, ,32.5, ,24.0, ,9.5, ,3.8, , ,18.9, 
212,Hastings Tract East,Sacramento Valley,163,0.84, ,0.0, ,848, ,1.1,2020-06-11,22:00,236, ,32.8, ,23.0, ,8.8, ,4.2, , ,19.2, 
212,Hastings Tract East,Sacramento Valley,163,0.73, ,0.0, ,666, ,1.5,2020-06-11,23:00,239, ,30.9, ,33.0, ,12.9, ,6.2, , ,19.6, 
212,Hastings Tract East,Sacramento Valley,163,0.57, ,0.0, ,507, ,1.5,2020-06-12,00:00,243, ,28.6, ,38.0, ,13.0, ,6.5, , ,20.0, 
212,Hastings Tract East,Sacramento Valley,163,0.52, ,0.0, ,479, ,1.4,2020-06-12,01:00,234, ,28.3, ,36.0, ,11.9, ,5.5, , ,20.2, 
212,Hastings Tract East,Sacramento Valley,163,0.39, ,0.0, ,385, ,1.3,2020-06-12,02:00,235, ,27.9, ,35.0, ,11.1, ,5.0, , ,20.4, 
212,Hastings Tract East,Sacramento Valley,163,0.18, ,0.0, ,132, ,1.3,2020-06-12,03:00,233, ,24.9, ,42.0, ,11.1, ,5.5, , ,20.4, 
212,Hastings Tract East,Sacramento Valley,163,0.05, ,0.0, ,11, ,1.3,2020-06-12,04:00,219, ,21.7, ,49.0, ,10.5, ,4.2, , ,20.4, 
212,Hastings Tract East,Sacramento Valley,163,0.01, ,0.0, ,0, ,1.3,2020-06-12,05:00,209, ,19.9, ,57.0, ,11.2, ,3.1, , ,20.3, 
212,Hastings Tract East,Sacramento Valley,163,0.01, ,0.0, ,0, ,1.3,2020-06-12,06:00,230, ,19.0, ,59.0, ,10.7, ,3.2, , ,20.2, 
212,Hastings Tract East,Sacramento Valley,163,0.02, ,0.0, ,0, ,1.3,2020-06-12,07:00,233, ,18.5, ,60.0, ,10.7, ,4.5, , ,20.0, 
212,Hastings Tract East,Sacramento Valley,163,0.02, ,0.0, ,0, ,1.3,2020-06-12,08:00,234, ,17.8, ,64.0, ,10.8, ,4.8, , ,19.8, 
212,Hastings Tract East,Sacramento Valley,164,0.0, ,0.0, ,0, ,1.3,2020-06-12,09:00,229, ,17.0, ,69.0, ,11.3, ,4.2, , ,19.6, 
212,Hastings Tract East,Sacramento Valley,164,0.0, ,0.0, ,0, ,1.4,2020-06-12,10:00,238, ,16.6, ,75.0, ,12.2, ,4.0, , ,19.4, 
212,Hastings Tract East,Sacramento Valley,164,0.0, ,0.0, ,0, ,1.4,2020-06-12,11:00,243, ,15.8, ,78.0, ,12.1, ,4.1, , ,19.2, 
212,Hastings Tract East,Sacramento Valley,164,0.0, ,0.0, ,0, ,1.3,2020-06-12,12:00,236, ,15.4, ,77.0, ,11.4, ,4.9, , ,19.0, 
212,Hastings Tract East,Sacramento Valley,164,0.0, ,0.0, ,2, ,1.3,2020-06-12,13:00,235, ,14.7, ,79.0, ,11.1, ,5.2, , ,18.8, 
212,Hastings Tract East,Sacramento Valley,164,0.03, ,0.0, ,75, ,1.3,2020-06-12,14:00,238, ,14.8, ,80.0, ,11.4, ,5.5, , ,18.6, 
212,Hastings Tract East,Sacramento Valley,164,0.24, ,0.0, ,360,Y,1.4,2020-06-12,15:00,237, ,17.4, ,69.0, ,11.6, ,5.7, , ,18.4, 
212,Hastings Tract East,Sacramento Valley,164,0.38, ,0.0, ,466, ,1.4,2020-06-12,16:00,240, ,18.7, ,63.0, ,11.5, ,6.6, , ,18.3, 
212,Hastings Tract East,Sacramento Valley,164,0.33, ,0.0, ,402, ,1.4,2020-06-12,17:00,238, ,18.4, ,64.0, ,11.5, ,6.3, , ,18.2, 
212,Hastings Tract East,Sacramento Valley,164,0.53, ,0.0, ,634, ,1.3,2020-06-12,18:00,240, ,19.9, ,56.0, ,11.0, ,6.6, , ,18.2, 
212,Hastings Tract East,Sacramento Valley,164,0.52, ,0.0, ,604, ,1.3,2020-06-12,19:00,243, ,20.8, ,53.0, ,10.9, ,6.3, , ,18.2, 
212,Hastings Tract East,Sacramento Valley,164,0.76, ,0.0, ,883, ,1.3,2020-06-12,20:00,243, ,22.2, ,49.0, ,10.9, ,6.9, , ,18.2, 
212,Hastings Tract East,Sacramento Valley,164,0.61, ,0.0, ,696, ,1.3,2020-06-12,21:00,236, ,21.8, ,49.0, ,10.7, ,6.8, , ,18.3, 
212,Hastings Tract East,Sacramento Valley,164,0.36, ,0.0, ,424, ,1.3,2020-06-12,22:00,231, ,20.2, ,55.0, ,10.8, ,6.8, , ,18.5, 
212,Hastings Tract East,Sacramento Valley,164,0.52, ,0.0, ,574, ,1.3,2020-06-12,23:00,232, ,21.4, ,50.0, ,10.7, ,6.5, , ,18.6, 
212,Hastings Tract East,Sacramento Valley,164,0.59, ,0.0, ,707, ,1.3,2020-06-13,00:00,234, ,22.0, ,50.0, ,11.1, ,6.8, , ,18.7, 
212,Hastings Tract East,Sacramento Valley,164,0.5, ,0.0, ,531, ,1.2,2020-06-13,01:00,233, ,21.3, ,48.0, ,9.9, ,7.8, , ,18.8, 
212,Hastings Tract East,Sacramento Valley,164,0.37, ,0.0, ,320, ,1.1,2020-06-13,02:00,237, ,19.8, ,49.0, ,8.8, ,8.4, , ,18.9, 
212,Hastings Tract East,Sacramento Valley,164,0.2, ,0.0, ,133, ,1.1,2020-06-13,03:00,239, ,18.1, ,51.0, ,7.7, ,8.0, , ,19.0, 
212,Hastings Tract East,Sacramento Valley,164,0.07, ,0.0, ,12, ,1.1,2020-06-13,04:00,237, ,16.1, ,61.0, ,8.7, ,6.8, , ,18.9, 
212,Hastings Tract East,Sacramento Valley,164,0.02, ,0.0, ,0, ,1.2,2020-06-13,05:00,227, ,14.9, ,71.0, ,9.6, ,5.2, , ,18.8, 
212,Hastings Tract East,Sacramento Valley,164,0.01, ,0.0, ,0, ,1.2,2020-06-13,06:00,231, ,14.0, ,75.0, ,9.6, ,5.3, , ,18.6, 
212,Hastings Tract East,Sacramento Valley,164,0.01, ,0.0, ,0, ,1.2,2020-06-13,07:00,231, ,13.6, ,77.0, ,9.6, ,5.7, , ,18.4, 
212,Hastings Tract East,Sacramento Valley,164,0.01, ,0.0, ,0, ,1.2,2020-06-13,08:00,236, ,13.5, ,76.0, ,9.4, ,6.0, , ,18.2, 
212,Hastings Tract East,Sacramento Valley,165,0.03, ,0.0, ,0, ,1.2,2020-06-13,09:00,235, ,13.1, ,78.0, ,9.4, ,5.3, , ,18.0, 
212,Hastings Tract East,Sacramento Valley,165,0.02, ,0.0, ,0, ,1.2,2020-06-13,10:00,236, ,12.9, ,82.0, ,9.8, ,4.2, , ,17.8, 
212,Hastings Tract East,Sacramento Valley,165,0.01, ,0.0, ,0, ,1.2,2020-06-13,11:00,234, ,12.5, ,85.0, ,10.1, ,4.5, , ,17.6, 
212,Hastings Tract East,Sacramento Valley,165,0.01, ,0.0, ,0, ,1.2,2020-06-13,12:00,230, ,12.4, ,85.0, ,9.9, ,5.0, , ,17.4, 
212,Hastings Tract East,Sacramento Valley,165,0.01, ,0.0, ,3, ,1.2,2020-06-13,13:00,233, ,12.5, ,85.0, ,9.9, ,4.7, , ,17.2, 
212,Hastings Tract East,Sacramento Valley,165,0.04, ,0.0, ,41, ,1.2,2020-06-13,14:00,233, ,12.9, ,83.0, ,10.0, ,4.1, , ,17.1, 
212,Hastings Tract East,Sacramento Valley,165,0.11, ,0.0, ,120, ,1.2,2020-06-13,15:00,239, ,13.8, ,78.0, ,10.1, ,4.5, , ,17.0, 
212,Hastings Tract East,Sacramento Valley,165,0.16, ,0.0, ,209, ,1.2,2020-06-13,16:00,242, ,15.3, ,69.0, ,9.6, ,4.2, , ,16.9, 
212,Hastings Tract East,Sacramento Valley,165,0.44, ,0.0, ,619, ,1.2,2020-06-13,17:00,239, ,17.9, ,57.0, ,9.4, ,3.9, , ,16.8, 
212,Hastings Tract East,Sacramento Valley,165,0.59, ,0.0, ,825, ,1.1,2020-06-13,18:00,244, ,19.8, ,49.0, ,8.7, ,4.2, , ,16.8, 
212,Hastings Tract East,Sacramento Valley,165,0.67, ,0.0, ,856, ,1.1,2020-06-13,19:00,234, ,21.1, ,45.0, ,8.5, ,4.3, , ,16.9, 
212,Hastings Tract East,Sacramento Valley,165,0.54, ,0.0, ,672, ,1.0,2020-06-13,20:00,244, ,21.6, ,40.0, ,7.4, ,3.8, , ,17.0, 
212,Hastings Tract East,Sacramento Valley,165,0.69, ,0.0, ,838, ,1.1,2020-06-13,21:00,236, ,22.7, ,39.0, ,7.9, ,4.0, , ,17.2, 
212,Hastings Tract East,Sacramento Valley,165,0.8, ,0.0, ,967, ,1.1,2020-06-13,22:00,226, ,23.6, ,36.0, ,7.8, ,5.2, , ,17.5, 
212,Hastings Tract East,Sacramento Valley,165,0.71, ,0.0, ,847, ,1.1,2020-06-13,23:00,220, ,23.6, ,36.0, ,7.8, ,5.3, , ,17.8, 
212,Hastings Tract East,Sacramento Valley,165,0.6, ,0.0, ,702, ,1.1,2020-06-14,00:00,228, ,23.3, ,38.0, ,8.4, ,5.7, , ,18.2, 
212,Hastings Tract East,Sacramento Valley,165,0.47, ,0.0, ,524, ,1.1,2020-06-14,01:00,229, ,22.9, ,40.0, ,8.5, ,5.1, , ,18.5, 
212,Hastings Tract East,Sacramento Valley,165,0.34, ,0.0, ,324, ,1.1,2020-06-14,02:00,232, ,21.7, ,42.0, ,8.4, ,5.6, , ,18.8, 
212,Hastings Tract East,Sacramento Valley,165,0.17, ,0.0, ,126, ,1.1,2020-06-14,03:00,237, ,19.5, ,47.0, ,7.9, ,6.0, , ,18.9, 
212,Hastings Tract East,Sacramento Valley,165,0.07, ,0.0, ,11, ,1.1,2020-06-14,04:00,238, ,17.2, ,54.0, ,7.9, ,5.2, , ,19.0, 
212,Hastings Tract East,Sacramento Valley,165,0.05, ,0.0, ,0, ,1.1,2020-06-14,05:00,238, ,16.2, ,61.0, ,8.8, ,6.0, , ,18.9, 
212,Hastings Tract East,Sacramento Valley,165,0.04, ,0.0, ,0, ,1.1,2020-06-14,06:00,241, ,15.5, ,64.0, ,8.7, ,5.7, , ,18.7, 
212,Hastings Tract East,Sacramento Valley,165,0.04, ,0.0, ,0, ,1.1,2020-06-14,07:00,238, ,15.0, ,66.0, ,8.7, ,5.7, , ,18.5, 
212,Hastings Tract East,Sacramento Valley,165,0.03, ,0.0, ,0, ,1.1,2020-06-14,08:00,238, ,14.6, ,66.0, ,8.3, ,5.1, , ,18.3, 
212,Hastings Tract East,Sacramento Valley,166,0.03, ,0.0, ,0, ,1.1,2020-06-14,09:00,237, ,14.4, ,68.0, ,8.5, ,5.2, , ,18.1, 
212,Hastings Tract East,Sacramento Valley,166,0.01, ,0.0, ,0, ,1.2,2020-06-14,10:00,235, ,14.3, ,75.0, ,9.8, ,4.8, , ,17.9, 
212,Hastings Tract East,Sacramento Valley,166,0.0, ,0.0, ,0, ,1.3,2020-06-14,11:00,235, ,14.2, ,81.0, ,10.9, ,4.4, , ,17.7, 
212,Hastings Tract East,Sacramento Valley,166,0.0, ,0.0, ,0, ,1.3,2020-06-14,12:00,235, ,14.0, ,83.0, ,11.0, ,4.0, , ,17.6, 
212,Hastings Tract East,Sacramento Valley,166,0.0, ,0.0, ,7, ,1.3,2020-06-14,13:00,241, ,13.5, ,84.0, ,10.8, ,3.4, , ,17.4, 
212,Hastings Tract East,Sacramento Valley,166,0.03, ,0.0, ,90, ,1.4,2020-06-14,14:00,241, ,14.2, ,86.0, ,11.8, ,3.5, , ,17.3, 
212,Hastings Tract East,Sacramento Valley,166,0.18, ,0.0, ,277, ,1.4,2020-06-14,15:00,242, ,16.1, ,76.0, ,11.9, ,3.8, , ,17.2, 
212,Hastings Tract East,Sacramento Valley,166,0.33, ,0.0, ,474, ,1.4,2020-06-14,16:00,243, ,18.8, ,65.0, ,12.0, ,3.3, , ,17.1, 
212,Hastings Tract East,Sacramento Valley,166,0.45, ,0.0, ,653, ,1.4,2020-06-14,17:00,290, ,21.0, ,56.0, ,11.7, ,2.0, , ,17.1, 
212,Hastings Tract East,Sacramento Valley,166,0.56, ,0.0, ,796, ,1.4,2020-06-14,18:00,301, ,22.8, ,50.0, ,11.8, ,1.9, , ,17.1, 
212,Hastings Tract East,Sacramento Valley,166,0.66, ,0.0, ,914, ,1.4,2020-06-14,19:00,288, ,24.0, ,46.0, ,11.7, ,1.8, , ,17.3, 
212,Hastings Tract East,Sacramento Valley,166,0.72, ,0.0, ,968, ,1.4,2020-06-14,20:00,329, ,25.7, ,41.0, ,11.7, ,2.0, , ,17.5, 
212,Hastings Tract East,Sacramento Valley,166,0.74, ,0.0, ,965, ,1.4,2020-06-14,21:00,339, ,27.1, ,38.0, ,11.7, ,2.0, , ,17.8, 
212,Hastings Tract East,Sacramento Valley,166,0.7, ,0.0, ,925, ,1.4,2020-06-14,22:00,271, ,27.5, ,39.0, ,12.4, ,1.8, , ,18.2, 
212,Hastings Tract East,Sacramento Valley,166,0.63, ,0.0, ,831, ,1.4,2020-06-14,23:00,307, ,28.6, ,37.0, ,12.5, ,1.6, , ,18.7, 
212,Hastings Tract East,Sacramento Valley,166,0.55, ,0.0, ,702, ,1.4,2020-06-15,00:00,316, ,29.4, ,35.0, ,12.2, ,2.0, , ,19.3, 
212,Hastings Tract East,Sacramento Valley,166,0.46, ,0.0, ,465, ,1.6,2020-06-15,01:00,242, ,27.1, ,45.0, ,14.1, ,5.0, , ,19.9, 
212,Hastings Tract East,Sacramento Valley,166,0.35, ,0.0, ,324, ,1.5,2020-06-15,02:00,245, ,25.1, ,48.0, ,13.3, ,5.7, , ,20.3, 
212,Hastings Tract East,Sacramento Valley,166,0.12, ,0.0, ,74, ,1.5,2020-06-15,03:00,237, ,22.5, ,53.0, ,12.5, ,5.2, , ,20.5, 
212,Hastings Tract East,Sacramento Valley,166,0.06, ,0.0, ,12, ,1.4,2020-06-15,04:00,235, ,20.3, ,60.0, ,12.4, ,5.3, , ,20.5, 
212,Hastings Tract East,Sacramento Valley,166,0.03, ,0.0, ,0, ,1.4,2020-06-15,05:00,231, ,18.8, ,67.0, ,12.5, ,4.2, , ,20.4, 
212,Hastings Tract East,Sacramento Valley,166,0.02, ,0.0, ,0, ,1.4,2020-06-15,06:00,232, ,18.1, ,68.0, ,12.1, ,4.0, , ,20.3, 
212,Hastings Tract East,Sacramento Valley,166,0.02, ,0.0, ,0, ,1.4,2020-06-15,07:00,230, ,18.0, ,68.0, ,12.0, ,4.1, , ,20.0, 
212,Hastings Tract East,Sacramento Valley,166,0.02, ,0.0, ,0, ,1.4,2020-06-15,08:00,232, ,17.4, ,71.0, ,12.0, ,4.1, , ,19.8, 
212,Hastings Tract East,Sacramento Valley,167,0.02, ,0.0, ,0, ,1.4,2020-06-15,09:00,238, ,17.4, ,71.0, ,12.1, ,4.2, , ,19.6, 
212,Hastings Tract East,Sacramento Valley,167,0.02, ,0.0, ,0, ,1.4,2020-06-15,10:00,234, ,17.2, ,72.0, ,12.1, ,4.0, , ,19.4, 
212,Hastings Tract East,Sacramento Valley,167,0.02, ,0.0, ,0, ,1.4,2020-06-15,11:00,233, ,17.0, ,73.0, ,12.1, ,3.9, , ,19.2, 
212,Hastings Tract East,Sacramento Valley,167,0.02, ,0.0, ,0, ,1.4,2020-06-15,12:00,239, ,16.7, ,73.0, ,11.9, ,4.1, , ,19.0, 
212,Hastings Tract East,Sacramento Valley,167,0.02, ,0.0, ,4, ,1.3,2020-06-15,13:00,234, ,16.5, ,70.0, ,11.1, ,3.9, , ,18.8, 
212,Hastings Tract East,Sacramento Valley,167,0.08, ,0.0, ,95, ,1.3,2020-06-15,14:00,232, ,17.1, ,66.0, ,10.8, ,4.4, , ,18.7, 
212,Hastings Tract East,Sacramento Valley,167,0.24, ,0.0, ,261, ,1.3,2020-06-15,15:00,233, ,19.2, ,57.0, ,10.6, ,4.8, , ,18.6, 
212,Hastings Tract East,Sacramento Valley,167,0.33, ,0.0, ,369, ,1.3,2020-06-15,16:00,237, ,20.7, ,53.0, ,10.8, ,4.9, , ,18.4, 
212,Hastings Tract East,Sacramento Valley,167,0.41, ,0.0, ,463, ,1.4,2020-06-15,17:00,238, ,21.9, ,52.0, ,11.5, ,5.3, , ,18.4, 
212,Hastings Tract East,Sacramento Valley,167,0.39, ,0.0, ,432, ,1.4,2020-06-15,18:00,240, ,21.9, ,53.0, ,11.8, ,5.7, , ,18.4, 
212,Hastings Tract East,Sacramento Valley,167,0.79, ,0.0, ,914, ,1.5,2020-06-15,19:00,245, ,24.9, ,48.0, ,13.1, ,7.0, , ,18.5, 
212,Hastings Tract East,Sacramento Valley,167,0.79, ,0.0, ,837, ,1.5,2020-06-15,20:00,236, ,26.2, ,44.0, ,13.2, ,6.6, , ,18.6, 
212,Hastings Tract East,Sacramento Valley,167,0.76, ,0.0, ,778, ,1.6,2020-06-15,21:00,241, ,26.6, ,45.0, ,13.6, ,7.1, , ,18.9, 
212,Hastings Tract East,Sacramento Valley,167,0.7, ,0.0, ,710, ,1.5,2020-06-15,22:00,233, ,27.1, ,42.0, ,13.1, ,6.3, , ,19.1, 
212,Hastings Tract East,Sacramento Valley,167,0.78, ,0.0, ,826, ,1.5,2020-06-15,23:00,235, ,26.9, ,42.0, ,12.9, ,7.5, , ,19.5, 
212,Hastings Tract East,Sacramento Valley,167,0.63, ,0.0, ,595, ,1.4,2020-06-16,00:00,236, ,25.7, ,42.0, ,11.7, ,7.5, , ,19.8, 
212,Hastings Tract East,Sacramento Valley,167,0.45, ,0.0, ,399, ,1.4,2020-06-16,01:00,241, ,23.6, ,47.0, ,11.6, ,7.7, , ,20.1, 
212,Hastings Tract East,Sacramento Valley,167,0.36, ,0.0, ,324, ,1.4,2020-06-16,02:00,229, ,22.1, ,51.0, ,11.5, ,7.3, , ,20.3, 
212,Hastings Tract East,Sacramento Valley,167,0.18, ,0.0, ,132, ,1.3,2020-06-16,03:00,230, ,20.4, ,55.0, ,11.1, ,6.9, , ,20.3, 
212,Hastings Tract East,Sacramento Valley,167,0.09, ,0.0, ,14, ,1.2,2020-06-16,04:00,234, ,18.4, ,59.0, ,10.1, ,6.9, , ,20.3, 
212,Hastings Tract East,Sacramento Valley,167,0.05, ,0.0, ,0, ,1.3,2020-06-16,05:00,236, ,17.4, ,64.0, ,10.4, ,6.3, , ,20.2, 
212,Hastings Tract East,Sacramento Valley,167,0.03, ,0.0, ,0, ,1.3,2020-06-16,06:00,230, ,16.8, ,67.0, ,10.7, ,5.2, , ,19.9, 
212,Hastings Tract East,Sacramento Valley,167,0.04, ,0.0, ,0, ,1.2,2020-06-16,07:00,233, ,16.4, ,66.0, ,10.0, ,5.4, , ,19.7, 
212,Hastings Tract East,Sacramento Valley,167,0.03, ,0.0, ,0, ,1.2,2020-06-16,08:00,240, ,15.5, ,68.0, ,9.6, ,5.2, , ,19.5, 
212,Hastings Tract East,Sacramento Valley,168,0.02, ,0.0, ,0, ,1.2,2020-06-16,09:00,236, ,14.8, ,69.0, ,9.1, ,5.0, , ,19.2, 
212,Hastings Tract East,Sacramento Valley,168,0.02, ,0.0, ,0, ,1.1,2020-06-16,10:00,237, ,14.3, ,69.0, ,8.8, ,5.1, , ,19.0, 
212,Hastings Tract East,Sacramento Valley,168,0.01, ,0.0, ,0, ,1.1,2020-06-16,11:00,234, ,13.7, ,72.0, ,8.7, ,4.6, , ,18.7, 
212,Hastings Tract East,Sacramento Valley,168,0.01, ,0.0, ,0, ,1.1,2020-06-16,12:00,234, ,13.6, ,71.0, ,8.5, ,4.3, , ,18.5, 
212,Hastings Tract East,Sacramento Valley,168,0.01, ,0.0, ,6, ,1.1,2020-06-16,13:00,239, ,12.9, ,75.0, ,8.7, ,4.2, , ,18.3, 
212,Hastings Tract East,Sacramento Valley,168,0.05, ,0.0, ,103, ,1.1,2020-06-16,14:00,241, ,13.5, ,74.0, ,8.9, ,3.8, , ,18.1, 
212,Hastings Tract East,Sacramento Valley,168,0.21, ,0.0, ,287, ,1.2,2020-06-16,15:00,236, ,15.8, ,65.0, ,9.2, ,4.1, , ,17.9, 
212,Hastings Tract East,Sacramento Valley,168,0.34, ,0.0, ,495, ,1.1,2020-06-16,16:00,259, ,18.4, ,54.0, ,9.0, ,3.7, , ,17.7, 
212,Hastings Tract East,Sacramento Valley,168,0.47, ,0.0, ,684, ,1.0,2020-06-16,17:00,298, ,20.7, ,41.0, ,7.1, ,2.8, , ,17.7, 
212,Hastings Tract East,Sacramento Valley,168,0.59, ,0.0, ,832, ,1.0,2020-06-16,18:00,309, ,22.3, ,37.0, ,7.0, ,2.2, , ,17.7, 
212,Hastings Tract East,Sacramento Valley,168,0.67, ,0.0, ,930, ,1.1,2020-06-16,19:00,269, ,22.9, ,39.0, ,8.1, ,2.2, , ,17.8, 
212,Hastings Tract East,Sacramento Valley,168,0.71, ,0.0, ,976, ,1.1,2020-06-16,20:00,231, ,23.9, ,38.0, ,8.7, ,2.1, , ,18.0, 
212,Hastings Tract East,Sacramento Valley,168,0.74, ,0.0, ,991, ,1.1,2020-06-16,21:00,243, ,24.4, ,36.0, ,8.5, ,2.2, , ,18.3, 
212,Hastings Tract East,Sacramento Valley,168,0.72, ,0.0, ,931, ,1.1,2020-06-16,22:00,221, ,25.8, ,32.0, ,7.8, ,2.7, , ,18.7, 
212,Hastings Tract East,Sacramento Valley,168,0.69, ,0.0, ,853, ,1.1,2020-06-16,23:00,226, ,26.2, ,33.0, ,8.8, ,3.5, , ,19.2, 
212,Hastings Tract East,Sacramento Valley,168,0.57, ,0.0, ,715, ,1.1,2020-06-17,00:00,223, ,26.3, ,33.0, ,8.8, ,3.2, , ,19.8, 
212,Hastings Tract East,Sacramento Valley,168,0.45, ,0.0, ,537, ,1.2,2020-06-17,01:00,242, ,25.7, ,35.0, ,9.0, ,3.6, , ,20.3, 
212,Hastings Tract East,Sacramento Valley,168,0.34, ,0.0, ,334, ,1.2,2020-06-17,02:00,236, ,24.4, ,39.0, ,9.4, ,4.4, , ,20.6, 
212,Hastings Tract East,Sacramento Valley,168,0.2, ,0.0, ,140, ,1.2,2020-06-17,03:00,226, ,22.4, ,45.0, ,9.8, ,4.3, , ,20.8, 
212,Hastings Tract East,Sacramento Valley,168,0.07, ,0.0, ,14, ,1.2,2020-06-17,04:00,237, ,19.7, ,53.0, ,10.0, ,4.0, , ,20.8, 
212,Hastings Tract East,Sacramento Valley,168,0.04, ,0.0, ,0, ,1.2,2020-06-17,05:00,243, ,18.2, ,59.0, ,10.0, ,3.9, , ,20.7, 
212,Hastings Tract East,Sacramento Valley,168,0.03, ,0.0, ,0, ,1.3,2020-06-17,06:00,243, ,17.2, ,65.0, ,10.5, ,3.5, , ,20.5, 
212,Hastings Tract East,Sacramento Valley,168,0.02, ,0.0, ,0, ,1.3,2020-06-17,07:00,242, ,16.1, ,69.0, ,10.5, ,3.2, , ,20.3, 
212,Hastings Tract East,Sacramento Valley,168,0.0, ,0.0, ,0, ,1.3,2020-06-17,08:00,253, ,15.1, ,74.0, ,10.6, ,2.4, , ,20.0, 
212,Hastings Tract East,Sacramento Valley,169,0.0, ,0.0, ,0, ,1.3,2020-06-17,09:00,270, ,13.6, ,82.0, ,10.5, ,1.6, , ,19.7, 
212,Hastings Tract East,Sacramento Valley,169,0.0, ,0.0, ,0, ,1.1,2020-06-17,10:00,310, ,14.9, ,63.0, ,8.0, ,1.9, , ,19.5, 
212,Hastings Tract East,Sacramento Valley,169,0.04, ,0.0, ,0, ,0.9,2020-06-17,11:00,339, ,18.1, ,43.0, ,5.3, ,3.1, , ,19.3, 
212,Hastings Tract East,Sacramento Valley,169,0.04, ,0.0, ,0, ,0.9,2020-06-17,12:00,341, ,17.9, ,43.0, ,5.0, ,3.1, , ,19.0, 
212,Hastings Tract East,Sacramento Valley,169,0.05, ,0.0, ,7, ,0.8,2020-06-17,13:00,341, ,17.5, ,42.0, ,4.5, ,3.1, , ,18.8, 
212,Hastings Tract East,Sacramento Valley,169,0.1, ,0.0, ,108, ,0.9,2020-06-17,14:00,342, ,18.0, ,42.0, ,4.7, ,3.5, , ,18.6, 
212,Hastings Tract East,Sacramento Valley,169,0.29, ,0.0, ,298, ,0.9,2020-06-17,15:00,345, ,19.4, ,39.0, ,5.1, ,4.7, , ,18.5, 
212,Hastings Tract East,Sacramento Valley,169,0.41, ,0.0, ,505, ,0.9,2020-06-17,16:00,341, ,21.1, ,36.0, ,5.5, ,4.6, , ,18.4, 
212,Hastings Tract East,Sacramento Valley,169,0.56, ,0.0, ,692, ,0.9,2020-06-17,17:00,347, ,22.8, ,34.0, ,5.9, ,4.6, , ,18.3, 
212,Hastings Tract East,Sacramento Valley,169,0.68, ,0.0, ,841, ,0.9,2020-06-17,18:00,341, ,24.3, ,30.0, ,5.8, ,4.0, , ,18.3, 
212,Hastings Tract East,Sacramento Valley,169,0.79, ,0.0, ,948, ,0.9,2020-06-17,19:00,344, ,25.8, ,27.0, ,5.6, ,3.9, , ,18.4, 
212,Hastings Tract East,Sacramento Valley,169,0.83, ,0.0, ,1006, ,0.9,2020-06-17,20:00,335, ,27.0, ,26.0, ,5.7, ,3.5, , ,18.6, 
212,Hastings Tract East,Sacramento Valley,169,0.88, ,0.0, ,1014, ,0.9,2020-06-17,21:00,339, ,28.5, ,22.0, ,4.9, ,4.0, , ,18.8, 
212,Hastings Tract East,Sacramento Valley,169,0.84, ,0.0, ,969, ,0.9,2020-06-17,22:00,330, ,29.7, ,22.0, ,5.5, ,3.4, , ,19.1, 
212,Hastings Tract East,Sacramento Valley,169,0.77, ,0.0, ,874, ,0.9,2020-06-17,23:00,331, ,30.4, ,20.0, ,5.1, ,3.5, , ,19.6, 
212,Hastings Tract East,Sacramento Valley,169,0.65, ,0.0, ,736, ,0.8,2020-06-18,00:00,345, ,31.1, ,18.0, ,4.1, ,3.2, , ,20.2, 
212,Hastings Tract East,Sacramento Valley,169,0.48, ,0.0, ,557, ,0.8,2020-06-18,01:00,339, ,31.2, ,18.0, ,4.0, ,2.9, , ,20.7, 
212,Hastings Tract East,Sacramento Valley,169,0.32, ,0.0, ,352, ,0.9,2020-06-18,02:00,327, ,30.8, ,21.0, ,5.8, ,2.0, , ,21.1, 
212,Hastings Tract East,Sacramento Valley,169,0.15, ,0.0, ,150, ,1.2,2020-06-18,03:00,305, ,28.8, ,29.0, ,9.3, ,1.1, , ,21.3, 
212,Hastings Tract East,Sacramento Valley,169,0.05, ,0.0, ,16, ,1.1,2020-06-18,04:00,252, ,22.2, ,42.0, ,8.6, ,1.7, , ,21.4, 
212,Hastings Tract East,Sacramento Valley,169,0.06, ,0.0, ,0, ,0.9,2020-06-18,05:00,238, ,20.4, ,39.0, ,5.9, ,2.6, , ,21.4, 
212,Hastings Tract East,Sacramento Valley,169,0.05, ,0.0, ,0, ,1.0,2020-06-18,06:00,233, ,19.2, ,44.0, ,6.6, ,2.7, , ,21.3, 
212,Hastings Tract East,Sacramento Valley,169,0.06, ,0.0, ,0, ,1.1,2020-06-18,07:00,240, ,19.5, ,47.0, ,7.8, ,3.3, , ,21.0, 
212,Hastings Tract East,Sacramento Valley,169,0.05, ,0.0, ,0, ,1.1,2020-06-18,08:00,249, ,19.3, ,47.0, ,7.9, ,3.0, , ,20.7, 
212,Hastings Tract East,Sacramento Valley,170,0.02, ,0.0, ,0, ,1.1,2020-06-18,09:00,260, ,17.7, ,54.0, ,8.3, ,2.4, , ,20.4, 
212,Hastings Tract East,Sacramento Valley,170,0.01, ,0.0, ,0, ,1.1,2020-06-18,10:00,255, ,16.3, ,57.0, ,7.7, ,2.1, , ,20.1, 
212,Hastings Tract East,Sacramento Valley,170,0.0, ,0.0, ,0, ,1.0,2020-06-18,11:00,274, ,14.8, ,59.0, ,6.7, ,1.4, , ,19.9, 
212,Hastings Tract East,Sacramento Valley,170,0.0, ,0.0, ,0, ,1.0,2020-06-18,12:00,309, ,15.0, ,58.0, ,6.8, ,1.0, , ,19.6, 
212,Hastings Tract East,Sacramento Valley,170,0.0, ,0.0, ,6, ,1.0,2020-06-18,13:00,279, ,13.0, ,66.0, ,6.9, ,1.0, , ,19.4, 
212,Hastings Tract East,Sacramento Valley,170,0.03, ,0.0, ,105, ,1.0,2020-06-18,14:00,313, ,14.3, ,63.0, ,7.5, ,1.2, , ,19.2, 
212,Hastings Tract East,Sacramento Valley,170,0.19, ,0.0, ,293, ,1.2,2020-06-18,15:00,340, ,19.0, ,53.0, ,9.3, ,1.2, , ,18.9, 
212,Hastings Tract East,Sacramento Valley,170,0.34, ,0.0, ,499, ,1.2,2020-06-18,16:00,360, ,23.9, ,39.0, ,9.2, ,1.7, , ,18.8, 
212,Hastings Tract East,Sacramento Valley,170,0.5, ,0.0, ,683, ,1.1,2020-06-18,17:00,341, ,26.5, ,32.0, ,8.2, ,1.8, , ,18.6, 
212,Hastings Tract East,Sacramento Valley,170,0.67, ,0.0, ,836, ,1.0,2020-06-18,18:00,0, ,28.3, ,26.0, ,7.0, ,2.5, , ,18.6, 
212,Hastings Tract East,Sacramento Valley,170,0.78, ,0.0, ,942, ,1.0,2020-06-18,19:00,345, ,29.7, ,23.0, ,6.3, ,2.5, , ,18.7, 
212,Hastings Tract East,Sacramento Valley,170,0.83, ,0.0, ,988, ,0.9,2020-06-18,20:00,331, ,31.0, ,20.0, ,5.8, ,2.5, , ,18.8, 
212,Hastings Tract East,Sacramento Valley,170,0.87, ,0.0, ,996, ,0.9,2020-06-18,21:00,2, ,32.4, ,19.0, ,5.8, ,3.0, , ,19.1, 
212,Hastings Tract East,Sacramento Valley,170,0.83, ,0.0, ,956, ,0.9,2020-06-18,22:00,345, ,33.2, ,18.0, ,5.6, ,2.6, , ,19.4, 
212,Hastings Tract East,Sacramento Valley,170,0.77, ,0.0, ,871, ,0.9,2020-06-18,23:00,356, ,34.4, ,17.0, ,5.7, ,2.7, , ,19.9, 
212,Hastings Tract East,Sacramento Valley,170,0.64, ,0.0, ,726, ,0.8,2020-06-19,00:00,0, ,35.0, ,14.0, ,4.0, ,2.6, , ,20.4, 
212,Hastings Tract East,Sacramento Valley,170,0.48, ,0.0, ,553, ,0.9,2020-06-19,01:00,9, ,34.9, ,15.0, ,4.8, ,2.5, , ,20.9, 
212,Hastings Tract East,Sacramento Valley,170,0.36, ,0.0, ,345, ,1.0,2020-06-19,02:00,248, ,32.5, ,20.0, ,6.9, ,2.7, , ,21.3, 
212,Hastings Tract East,Sacramento Valley,170,0.22, ,0.0, ,78, ,1.1,2020-06-19,03:00,241, ,27.9, ,28.0, ,7.7, ,3.6, , ,21.6, 
212,Hastings Tract East,Sacramento Valley,170,0.13, ,0.0, ,6, ,1.0,2020-06-19,04:00,230, ,25.0, ,31.0, ,6.7, ,3.2, , ,21.7, 
212,Hastings Tract East,Sacramento Valley,170,0.11, ,0.0, ,0, ,1.0,2020-06-19,05:00,232, ,23.1, ,35.0, ,7.0, ,3.3, , ,21.7, 
212,Hastings Tract East,Sacramento Valley,170,0.08, ,0.0, ,0, ,1.0,2020-06-19,06:00,232, ,21.1, ,40.0, ,7.0, ,2.7, , ,21.6, 
212,Hastings Tract East,Sacramento Valley,170,0.08, ,0.0, ,0, ,1.0,2020-06-19,07:00,234, ,20.2, ,42.0, ,6.9, ,2.7, , ,21.4, 
212,Hastings Tract East,Sacramento Valley,170,0.08, ,0.0, ,0, ,1.1,2020-06-19,08:00,237, ,19.7, ,46.0, ,7.9, ,3.3, , ,21.2, 
212,Hastings Tract East,Sacramento Valley,171,0.04, ,0.0, ,0, ,1.2,2020-06-19,09:00,245, ,19.2, ,53.0, ,9.3, ,3.3, , ,21.0, 
212,Hastings Tract East,Sacramento Valley,171,0.05, ,0.0, ,0, ,1.1,2020-06-19,10:00,240, ,18.8, ,52.0, ,8.9, ,3.7, , ,20.8, 
212,Hastings Tract East,Sacramento Valley,171,0.05, ,0.0, ,0, ,1.1,2020-06-19,11:00,250, ,18.2, ,55.0, ,9.0, ,4.0, , ,20.6, 
212,Hastings Tract East,Sacramento Valley,171,0.03, ,0.0, ,0, ,1.2,2020-06-19,12:00,249, ,16.8, ,63.0, ,9.8, ,4.1, , ,20.3, 
212,Hastings Tract East,Sacramento Valley,171,0.01, ,0.0, ,5, ,1.2,2020-06-19,13:00,239, ,15.6, ,68.0, ,9.7, ,2.5, , ,20.1, 
212,Hastings Tract East,Sacramento Valley,171,0.06, ,0.0, ,99, ,1.2,2020-06-19,14:00,239, ,16.2, ,68.0, ,10.2, ,3.1, , ,19.9, 
212,Hastings Tract East,Sacramento Valley,171,0.24, ,0.0, ,283, ,1.3,2020-06-19,15:00,243, ,18.9, ,59.0, ,10.7, ,4.5, , ,19.7, 
212,Hastings Tract East,Sacramento Valley,171,0.4, ,0.0, ,486, ,1.3,2020-06-19,16:00,239, ,21.1, ,53.0, ,11.2, ,5.3, , ,19.6, 
212,Hastings Tract East,Sacramento Valley,171,0.54, ,0.0, ,670, ,1.3,2020-06-19,17:00,239, ,23.5, ,46.0, ,11.3, ,4.9, , ,19.4, 
212,Hastings Tract East,Sacramento Valley,171,0.68, ,0.0, ,818, ,1.3,2020-06-19,18:00,242, ,25.8, ,40.0, ,11.3, ,4.6, , ,19.4, 
212,Hastings Tract East,Sacramento Valley,171,0.8, ,0.0, ,921, ,1.3,2020-06-19,19:00,240, ,27.8, ,36.0, ,11.1, ,4.8, , ,19.4, 
212,Hastings Tract East,Sacramento Valley,171,0.87, ,0.0, ,981, ,1.4,2020-06-19,20:00,245, ,29.1, ,34.0, ,11.5, ,4.7, , ,19.5, 
212,Hastings Tract East,Sacramento Valley,171,0.91, ,0.0, ,981, ,1.2,2020-06-19,21:00,237, ,30.7, ,28.0, ,10.1, ,5.1, , ,19.7, 
212,Hastings Tract East,Sacramento Valley,171,0.9, ,0.0, ,938, ,1.2,2020-06-19,22:00,233, ,31.8, ,26.0, ,10.1, ,5.3, , ,20.0, 
212,Hastings Tract East,Sacramento Valley,171,0.85, ,0.0, ,846, ,1.3,2020-06-19,23:00,235, ,32.4, ,26.0, ,10.5, ,5.8, , ,20.4, 
212,Hastings Tract East,Sacramento Valley,171,0.73, ,0.0, ,711, ,1.4,2020-06-20,00:00,231, ,32.0, ,30.0, ,12.2, ,5.9, , ,20.8, 
212,Hastings Tract East,Sacramento Valley,171,0.58, ,0.0, ,530, ,1.5,2020-06-20,01:00,232, ,30.0, ,35.0, ,13.0, ,6.3, , ,21.1, 
212,Hastings Tract East,Sacramento Valley,171,0.42, ,0.0, ,334, ,1.5,2020-06-20,02:00,231, ,27.3, ,40.0, ,12.7, ,6.6, , ,21.4, 
212,Hastings Tract East,Sacramento Valley,171,0.27, ,0.0, ,137, ,1.4,2020-06-20,03:00,231, ,24.4, ,46.0, ,12.0, ,6.8, , ,21.5, 
212,Hastings Tract East,Sacramento Valley,171,0.11, ,0.0, ,14, ,1.4,2020-06-20,04:00,237, ,21.1, ,55.0, ,11.7, ,6.8, , ,21.6, 
212,Hastings Tract East,Sacramento Valley,171,0.06, ,0.0, ,0, ,1.4,2020-06-20,05:00,235, ,18.4, ,67.0, ,12.2, ,6.3, , ,21.5, 
212,Hastings Tract East,Sacramento Valley,171,0.03, ,0.0, ,0, ,1.5,2020-06-20,06:00,232, ,16.8, ,76.0, ,12.5, ,6.4, , ,21.4, 
212,Hastings Tract East,Sacramento Valley,171,0.01, ,0.0, ,0, ,1.5,2020-06-20,07:00,234, ,15.9, ,82.0, ,12.9, ,6.6, , ,21.1, 
212,Hastings Tract East,Sacramento Valley,171,0.01, ,0.0, ,0, ,1.5,2020-06-20,08:00,234, ,15.2, ,86.0, ,12.8, ,6.9, , ,20.9, 
212,Hastings Tract East,Sacramento Valley,172,0.0, ,0.0, ,0, ,1.5,2020-06-20,09:00,230, ,14.7, ,89.0, ,12.8, ,6.5, , ,20.6, 
212,Hastings Tract East,Sacramento Valley,172,0.0, ,0.0, ,0, ,1.5,2020-06-20,10:00,238, ,14.2, ,90.0, ,12.6, ,7.0, , ,20.4, 
212,Hastings Tract East,Sacramento Valley,172,0.0, ,0.0, ,0, ,1.4,2020-06-20,11:00,234, ,13.9, ,90.0, ,12.3, ,6.1, , ,20.1, 
212,Hastings Tract East,Sacramento Valley,172,0.0, ,0.0, ,0, ,1.4,2020-06-20,12:00,235, ,13.5, ,92.0, ,12.2, ,6.8, , ,19.9, 
212,Hastings Tract East,Sacramento Valley,172,0.0, ,0.0, ,3, ,1.4,2020-06-20,13:00,232, ,13.2, ,94.0, ,12.2, ,5.3, , ,19.6, 
212,Hastings Tract East,Sacramento Valley,172,0.02, ,0.0, ,84, ,1.4,2020-06-20,14:00,228, ,13.4, ,93.0, ,12.2, ,4.2, , ,19.4, 
212,Hastings Tract East,Sacramento Valley,172,0.19, ,0.0, ,280, ,1.4,2020-06-20,15:00,234, ,15.0, ,82.0, ,12.0, ,6.2, , ,19.1, 
212,Hastings Tract East,Sacramento Valley,172,0.33, ,0.0, ,479, ,1.4,2020-06-20,16:00,235, ,16.8, ,74.0, ,12.1, ,6.1, , ,19.0, 
212,Hastings Tract East,Sacramento Valley,172,0.47, ,0.0, ,671, ,1.4,2020-06-20,17:00,229, ,18.4, ,68.0, ,12.4, ,6.3, , ,18.8, 
212,Hastings Tract East,Sacramento Valley,172,0.61, ,0.0, ,813, ,1.5,2020-06-20,18:00,238, ,20.5, ,61.0, ,12.7, ,6.2, , ,18.7, 
212,Hastings Tract East,Sacramento Valley,172,0.74, ,0.0, ,925, ,1.5,2020-06-20,19:00,234, ,22.5, ,55.0, ,13.1, ,6.4, , ,18.7, 
212,Hastings Tract East,Sacramento Valley,172,0.8, ,0.0, ,938, ,1.5,2020-06-20,20:00,240, ,24.1, ,51.0, ,13.3, ,6.4, , ,18.7, 
212,Hastings Tract East,Sacramento Valley,172,0.83, ,0.0, ,978, ,1.6,2020-06-20,21:00,243, ,25.9, ,46.0, ,13.6, ,5.7, , ,18.9, 
212,Hastings Tract East,Sacramento Valley,172,0.83, ,0.0, ,941, ,1.5,2020-06-20,22:00,232, ,27.8, ,41.0, ,13.5, ,5.5, , ,19.1, 
212,Hastings Tract East,Sacramento Valley,172,0.77, ,0.0, ,848, ,1.5,2020-06-20,23:00,235, ,28.3, ,40.0, ,13.4, ,5.9, , ,19.3, 
212,Hastings Tract East,Sacramento Valley,172,0.64, ,0.0, ,643, ,1.6,2020-06-21,00:00,233, ,28.1, ,41.0, ,13.7, ,5.9, , ,19.7, 
212,Hastings Tract East,Sacramento Valley,172,0.54, ,0.0, ,551, ,1.6,2020-06-21,01:00,234, ,27.9, ,41.0, ,13.5, ,6.4, , ,20.0, 
212,Hastings Tract East,Sacramento Valley,172,0.4, ,0.0, ,339, ,1.5,2020-06-21,02:00,236, ,25.3, ,46.0, ,12.9, ,6.9, , ,20.2, 
212,Hastings Tract East,Sacramento Valley,172,0.23, ,0.0, ,141, ,1.4,2020-06-21,03:00,230, ,22.5, ,53.0, ,12.4, ,6.2, , ,20.3, 
212,Hastings Tract East,Sacramento Valley,172,0.09, ,0.0, ,15, ,1.4,2020-06-21,04:00,233, ,20.1, ,60.0, ,12.2, ,6.3, , ,20.3, 
212,Hastings Tract East,Sacramento Valley,172,0.06, ,0.0, ,0, ,1.4,2020-06-21,05:00,236, ,18.6, ,66.0, ,12.1, ,6.4, , ,20.2, 
212,Hastings Tract East,Sacramento Valley,172,0.04, ,0.0, ,0, ,1.4,2020-06-21,06:00,236, ,17.7, ,71.0, ,12.4, ,5.8, , ,20.1, 
212,Hastings Tract East,Sacramento Valley,172,0.03, ,0.0, ,0, ,1.5,2020-06-21,07:00,239, ,17.4, ,74.0, ,12.7, ,5.4, , ,19.9, 
212,Hastings Tract East,Sacramento Valley,172,0.02, ,0.0, ,0, ,1.5,2020-06-21,08:00,241, ,17.1, ,76.0, ,12.7, ,4.9, , ,19.7, 
212,Hastings Tract East,Sacramento Valley,173,0.01, ,0.0, ,0, ,1.5,2020-06-21,09:00,238, ,17.1, ,77.0, ,13.0, ,4.8, , ,19.4, 
212,Hastings Tract East,Sacramento Valley,173,0.01, ,0.0, ,0, ,1.5,2020-06-21,10:00,242, ,16.6, ,80.0, ,13.1, ,4.5, , ,19.2, 
212,Hastings Tract East,Sacramento Valley,173,0.01, ,0.0, ,0, ,1.5,2020-06-21,11:00,241, ,16.7, ,79.0, ,12.9, ,4.4, , ,19.1, 
212,Hastings Tract East,Sacramento Valley,173,0.0, ,0.0, ,0, ,1.5,2020-06-21,12:00,242, ,16.4, ,81.0, ,13.1, ,4.5, , ,18.9, 
212,Hastings Tract East,Sacramento Valley,173,0.0, ,0.0, ,3, ,1.5,2020-06-21,13:00,242, ,16.1, ,84.0, ,13.3, ,4.6, , ,18.7, 
212,Hastings Tract East,Sacramento Valley,173,0.05, ,0.0, ,91, ,1.6,2020-06-21,14:00,242, ,16.5, ,84.0, ,13.7, ,4.3, , ,18.6, 
212,Hastings Tract East,Sacramento Valley,173,0.19, ,0.0, ,258, ,1.6,2020-06-21,15:00,248, ,18.2, ,77.0, ,14.1, ,4.3, , ,18.5, 
212,Hastings Tract East,Sacramento Valley,173,0.34, ,0.0, ,464, ,1.7,2020-06-21,16:00,242, ,20.6, ,68.0, ,14.5, ,4.0, , ,18.4, 
212,Hastings Tract East,Sacramento Valley,173,0.5, ,0.0, ,644, ,1.7,2020-06-21,17:00,243, ,23.5, ,59.0, ,15.0, ,4.1, , ,18.3, 
212,Hastings Tract East,Sacramento Valley,173,0.63, ,0.0, ,789, ,1.8,2020-06-21,18:00,247, ,26.1, ,52.0, ,15.5, ,3.4, , ,18.3, 
212,Hastings Tract East,Sacramento Valley,173,0.71, ,0.0, ,905, ,1.8,2020-06-21,19:00,292, ,28.6, ,45.0, ,15.4, ,2.2, , ,18.4, 
212,Hastings Tract East,Sacramento Valley,173,0.75, ,0.0, ,953, ,1.8,2020-06-21,20:00,300, ,30.3, ,42.0, ,15.9, ,1.8, , ,18.6, 
212,Hastings Tract East,Sacramento Valley,173,0.78, ,0.0, ,958, ,1.8,2020-06-21,21:00,277, ,31.8, ,38.0, ,15.6, ,2.0, , ,18.9, 
212,Hastings Tract East,Sacramento Valley,173,0.82, ,0.0, ,925, ,1.8,2020-06-21,22:00,244, ,32.8, ,36.0, ,15.8, ,3.6, , ,19.2, 
212,Hastings Tract East,Sacramento Valley,173,0.78, ,0.0, ,838, ,1.7,2020-06-21,23:00,234, ,32.5, ,36.0, ,15.3, ,4.8, , ,19.7, 
212,Hastings Tract East,Sacramento Valley,173,0.69, ,0.0, ,707, ,1.7,2020-06-22,00:00,234, ,31.7, ,36.0, ,14.7, ,5.4, , ,20.1, 
212,Hastings Tract East,Sacramento Valley,173,0.55, ,0.0, ,540, ,1.7,2020-06-22,01:00,240, ,30.2, ,39.0, ,14.8, ,5.7, , ,20.5, 
212,Hastings Tract East,Sacramento Valley,173,0.38, ,0.0, ,320, ,1.6,2020-06-22,02:00,231, ,27.9, ,43.0, ,14.3, ,5.7, , ,20.8, 
212,Hastings Tract East,Sacramento Valley,173,0.24, ,0.0, ,144, ,1.5,2020-06-22,03:00,233, ,25.3, ,48.0, ,13.5, ,5.6, , ,20.9, 
212,Hastings Tract East,Sacramento Valley,173,0.1, ,0.0, ,16, ,1.5,2020-06-22,04:00,232, ,22.7, ,55.0, ,13.3, ,5.5, , ,20.9, 
212,Hastings Tract East,Sacramento Valley,173,0.06, ,0.0, ,0, ,1.5,2020-06-22,05:00,233, ,20.8, ,62.0, ,13.3, ,5.5, , ,20.9, 
212,Hastings Tract East,Sacramento Valley,173,0.04, ,0.0, ,0, ,1.5,2020-06-22,06:00,238, ,18.8, ,70.0, ,13.1, ,5.7, , ,20.7, 
212,Hastings Tract East,Sacramento Valley,173,0.03, ,0.0, ,0, ,1.5,2020-06-22,07:00,241, ,17.4, ,74.0, ,12.8, ,5.3, , ,20.5, 
212,Hastings Tract East,Sacramento Valley,173,0.02, ,0.0, ,0, ,1.5,2020-06-22,08:00,235, ,16.6, ,78.0, ,12.7, ,6.0, , ,20.3, 
212,Hastings Tract East,Sacramento Valley,174,0.0, ,0.0, ,0, ,1.5,2020-06-22,09:00,235, ,16.1, ,80.0, ,12.6, ,4.8, , ,20.0, 
212,Hastings Tract East,Sacramento Valley,174,0.0, ,0.0, ,0, ,1.5,2020-06-22,10:00,232, ,15.6, ,82.0, ,12.5, ,4.1, , ,19.8, 
212,Hastings Tract East,Sacramento Valley,174,0.0, ,0.0, ,0, ,1.5,2020-06-22,11:00,235, ,14.8, ,86.0, ,12.5, ,4.5, , ,19.5, 
212,Hastings Tract East,Sacramento Valley,174,0.0, ,0.0, ,0, ,1.4,2020-06-22,12:00,232, ,14.4, ,88.0, ,12.5, ,3.4, , ,19.3, 
212,Hastings Tract East,Sacramento Valley,174,0.0, ,0.0, ,5, ,1.5,2020-06-22,13:00,233, ,14.0, ,91.0, ,12.5, ,2.8, , ,19.1, 
212,Hastings Tract East,Sacramento Valley,174,0.03, ,0.0, ,96, ,1.5,2020-06-22,14:00,241, ,14.5, ,90.0, ,12.8, ,3.5, , ,18.9, 
212,Hastings Tract East,Sacramento Valley,174,0.19, ,0.0, ,277, ,1.5,2020-06-22,15:00,242, ,17.0, ,78.0, ,13.1, ,4.4, , ,18.7, 
212,Hastings Tract East,Sacramento Valley,174,0.35, ,0.0, ,476, ,1.6,2020-06-22,16:00,246, ,19.9, ,67.0, ,13.7, ,4.5, , ,18.6, 
212,Hastings Tract East,Sacramento Valley,174,0.49, ,0.0, ,657, ,1.6,2020-06-22,17:00,244, ,22.8, ,59.0, ,14.4, ,4.1, , ,18.5, 
212,Hastings Tract East,Sacramento Valley,174,0.61, ,0.0, ,804, ,1.7,2020-06-22,18:00,240, ,25.3, ,54.0, ,15.3, ,3.5, , ,18.4, 
212,Hastings Tract East,Sacramento Valley,174,0.72, ,0.0, ,909, ,1.8,2020-06-22,19:00,236, ,28.1, ,48.0, ,16.2, ,2.7, , ,18.5, 
212,Hastings Tract East,Sacramento Valley,174,0.8, ,0.0, ,968, ,1.9,2020-06-22,20:00,236, ,31.0, ,41.0, ,16.4, ,2.6, , ,18.7, 
212,Hastings Tract East,Sacramento Valley,174,0.83, ,0.0, ,976, ,1.8,2020-06-22,21:00,242, ,33.4, ,35.0, ,15.9, ,2.6, , ,18.9, 
212,Hastings Tract East,Sacramento Valley,174,0.8, ,0.0, ,931, ,1.8,2020-06-22,22:00,268, ,34.5, ,33.0, ,16.0, ,2.4, , ,19.3, 
212,Hastings Tract East,Sacramento Valley,174,0.78, ,0.0, ,841, ,1.8,2020-06-22,23:00,237, ,34.6, ,33.0, ,16.2, ,3.9, , ,19.8, 
212,Hastings Tract East,Sacramento Valley,174,0.69, ,0.0, ,704, ,1.7,2020-06-23,00:00,244, ,33.8, ,33.0, ,15.2, ,4.9, , ,20.3, 
212,Hastings Tract East,Sacramento Valley,174,0.59, ,0.0, ,534, ,1.8,2020-06-23,01:00,237, ,32.5, ,36.0, ,15.5, ,5.9, , ,20.8, 
212,Hastings Tract East,Sacramento Valley,174,0.41, ,0.0, ,335, ,1.7,2020-06-23,02:00,235, ,29.2, ,43.0, ,15.2, ,6.0, , ,21.1, 
212,Hastings Tract East,Sacramento Valley,174,0.26, ,0.0, ,141, ,1.6,2020-06-23,03:00,228, ,26.5, ,48.0, ,14.5, ,5.9, , ,21.3, 
212,Hastings Tract East,Sacramento Valley,174,0.12, ,0.0, ,15, ,1.6,2020-06-23,04:00,231, ,23.9, ,54.0, ,13.9, ,6.3, , ,21.3, 
212,Hastings Tract East,Sacramento Valley,174,0.07, ,0.0, ,0, ,1.5,2020-06-23,05:00,231, ,21.2, ,61.0, ,13.4, ,6.1, , ,21.2, 
212,Hastings Tract East,Sacramento Valley,174,0.06, ,0.0, ,0, ,1.5,2020-06-23,06:00,233, ,20.0, ,65.0, ,13.2, ,6.3, , ,21.1, 
212,Hastings Tract East,Sacramento Valley,174,0.05, ,0.0, ,0, ,1.5,2020-06-23,07:00,232, ,19.0, ,68.0, ,13.0, ,6.3, , ,20.9, 
212,Hastings Tract East,Sacramento Valley,174,0.05, ,0.0, ,0, ,1.5,2020-06-23,08:00,243, ,18.0, ,72.0, ,12.8, ,6.8, , ,20.6, 
212,Hastings Tract East,Sacramento Valley,175,0.04, ,0.0, ,0, ,1.4,2020-06-23,09:00,237, ,17.4, ,72.0, ,12.4, ,7.0, , ,20.4, 
212,Hastings Tract East,Sacramento Valley,175,0.03, ,0.0, ,0, ,1.4,2020-06-23,10:00,238, ,16.7, ,76.0, ,12.4, ,6.8, , ,20.1, 
212,Hastings Tract East,Sacramento Valley,175,0.02, ,0.0, ,0, ,1.4,2020-06-23,11:00,238, ,15.9, ,80.0, ,12.4, ,7.1, , ,19.9, 
212,Hastings Tract East,Sacramento Valley,175,0.01, ,0.0, ,0, ,1.5,2020-06-23,12:00,235, ,15.4, ,83.0, ,12.6, ,6.4, , ,19.6, 
212,Hastings Tract East,Sacramento Valley,175,0.01, ,0.0, ,4, ,1.5,2020-06-23,13:00,237, ,15.4, ,84.0, ,12.7, ,5.9, , ,19.4, 
212,Hastings Tract East,Sacramento Valley,175,0.05, ,0.0, ,88, ,1.4,2020-06-23,14:00,240, ,15.7, ,81.0, ,12.4, ,5.0, , ,19.1, 
212,Hastings Tract East,Sacramento Valley,175,0.2, ,0.0, ,263, ,1.5,2020-06-23,15:00,245, ,17.3, ,74.0, ,12.7, ,5.2, , ,18.9, 
212,Hastings Tract East,Sacramento Valley,175,0.35, ,0.0, ,462, ,1.5,2020-06-23,16:00,242, ,19.5, ,67.0, ,13.3, ,5.6, , ,18.8, 
212,Hastings Tract East,Sacramento Valley,175,0.5, ,0.0, ,645, ,1.6,2020-06-23,17:00,243, ,22.2, ,60.0, ,14.1, ,4.9, , ,18.7, 
212,Hastings Tract East,Sacramento Valley,175,0.64, ,0.0, ,793, ,1.7,2020-06-23,18:00,242, ,24.8, ,53.0, ,14.6, ,4.7, , ,18.6, 
212,Hastings Tract East,Sacramento Valley,175,0.74, ,0.0, ,896, ,1.7,2020-06-23,19:00,240, ,26.7, ,48.0, ,14.9, ,4.5, , ,18.7, 
212,Hastings Tract East,Sacramento Valley,175,0.81, ,0.0, ,954, ,1.7,2020-06-23,20:00,241, ,29.0, ,44.0, ,15.4, ,4.2, , ,18.8, 
212,Hastings Tract East,Sacramento Valley,175,0.84, ,0.0, ,958, ,1.9,2020-06-23,21:00,245, ,31.8, ,39.0, ,16.3, ,3.7, , ,19.0, 
212,Hastings Tract East,Sacramento Valley,175,0.86, ,0.0, ,915, ,1.7,2020-06-23,22:00,232, ,33.0, ,34.0, ,15.1, ,4.7, , ,19.3, 
212,Hastings Tract East,Sacramento Valley,175,0.82, ,0.0, ,826, ,1.6,2020-06-23,23:00,237, ,33.4, ,32.0, ,14.3, ,5.2, , ,19.7, 
212,Hastings Tract East,Sacramento Valley,175,0.74, ,0.0, ,691, ,1.7,2020-06-24,00:00,230, ,32.2, ,35.0, ,15.0, ,6.3, , ,20.2, 
212,Hastings Tract East,Sacramento Valley,175,0.58, ,0.0, ,519, ,1.7,2020-06-24,01:00,239, ,30.7, ,40.0, ,15.3, ,6.6, , ,20.5, 
212,Hastings Tract East,Sacramento Valley,175,0.42, ,0.0, ,324, ,1.7,2020-06-24,02:00,233, ,27.9, ,44.0, ,14.5, ,7.0, , ,20.8, 
212,Hastings Tract East,Sacramento Valley,175,0.25, ,0.0, ,134, ,1.6,2020-06-24,03:00,234, ,24.0, ,52.0, ,13.7, ,6.9, , ,21.0, 
212,Hastings Tract East,Sacramento Valley,175,0.1, ,0.0, ,14, ,1.5,2020-06-24,04:00,228, ,20.9, ,61.0, ,13.0, ,7.1, , ,21.0, 
212,Hastings Tract East,Sacramento Valley,175,0.07, ,0.0, ,0, ,1.5,2020-06-24,05:00,231, ,18.9, ,67.0, ,12.7, ,7.6, , ,20.9, 
212,Hastings Tract East,Sacramento Valley,175,0.04, ,0.0, ,0, ,1.5,2020-06-24,06:00,236, ,17.1, ,76.0, ,12.9, ,7.3, , ,20.7, 
212,Hastings Tract East,Sacramento Valley,175,0.03, ,0.0, ,0, ,1.5,2020-06-24,07:00,238, ,16.6, ,80.0, ,13.2, ,7.6, , ,20.5, 
212,Hastings Tract East,Sacramento Valley,175,0.02, ,0.0, ,0, ,1.5,2020-06-24,08:00,234, ,16.2, ,81.0, ,13.0, ,7.5, , ,20.2, 
212,Hastings Tract East,Sacramento Valley,176,0.01, ,0.0, ,0, ,1.5,2020-06-24,09:00,234, ,15.7, ,85.0, ,13.1, ,7.1, , ,19.9, 
212,Hastings Tract East,Sacramento Valley,176,0.0, ,0.0, ,0, ,1.5,2020-06-24,10:00,233, ,15.2, ,89.0, ,13.3, ,7.0, , ,19.7, 
212,Hastings Tract East,Sacramento Valley,176,0.0, ,0.0, ,0, ,1.5,2020-06-24,11:00,235, ,14.9, ,89.0, ,13.2, ,5.3, , ,19.5, 
212,Hastings Tract East,Sacramento Valley,176,0.0, ,0.0, ,0, ,1.5,2020-06-24,12:00,235, ,14.6, ,91.0, ,13.1, ,4.3, , ,19.2, 
212,Hastings Tract East,Sacramento Valley,176,0.0, ,0.0, ,4, ,1.5,2020-06-24,13:00,236, ,14.1, ,94.0, ,13.2, ,3.9, , ,19.0, 
212,Hastings Tract East,Sacramento Valley,176,0.04, ,0.0, ,92, ,1.5,2020-06-24,14:00,237, ,14.7, ,90.0, ,13.0, ,4.3, , ,18.8, 
212,Hastings Tract East,Sacramento Valley,176,0.18, ,0.0, ,258, ,1.5,2020-06-24,15:00,241, ,16.7, ,81.0, ,13.4, ,4.7, , ,18.7, 
212,Hastings Tract East,Sacramento Valley,176,0.32, ,0.0, ,437, ,1.5,2020-06-24,16:00,246, ,18.7, ,72.0, ,13.5, ,5.0, , ,18.6, 
212,Hastings Tract East,Sacramento Valley,176,0.46, ,0.0, ,657, ,1.6,2020-06-24,17:00,250, ,21.3, ,63.0, ,14.0, ,4.3, , ,18.5, 
212,Hastings Tract East,Sacramento Valley,176,0.59, ,0.0, ,799, ,1.7,2020-06-24,18:00,253, ,23.8, ,57.0, ,14.7, ,3.7, , ,18.5, 
212,Hastings Tract East,Sacramento Valley,176,0.72, ,0.0, ,903, ,1.8,2020-06-24,19:00,240, ,26.5, ,51.0, ,15.4, ,3.8, , ,18.5, 
212,Hastings Tract East,Sacramento Valley,176,0.8, ,0.0, ,960, ,1.8,2020-06-24,20:00,241, ,28.8, ,45.0, ,15.7, ,3.8, , ,18.7, 
212,Hastings Tract East,Sacramento Valley,176,0.82, ,0.0, ,964, ,1.8,2020-06-24,21:00,237, ,31.1, ,41.0, ,16.2, ,3.5, , ,18.9, 
212,Hastings Tract East,Sacramento Valley,176,0.82, ,0.0, ,921, ,1.9,2020-06-24,22:00,233, ,33.1, ,38.0, ,16.8, ,3.7, , ,19.3, 
212,Hastings Tract East,Sacramento Valley,176,0.77, ,0.0, ,832, ,1.9,2020-06-24,23:00,236, ,33.9, ,36.0, ,16.7, ,4.3, , ,19.7, 
212,Hastings Tract East,Sacramento Valley,176,0.71, ,0.0, ,698, ,1.9,2020-06-25,00:00,241, ,33.3, ,36.0, ,16.3, ,5.3, , ,20.2, 
212,Hastings Tract East,Sacramento Valley,176,0.58, ,0.0, ,522, ,1.9,2020-06-25,01:00,233, ,32.2, ,39.0, ,16.3, ,5.9, , ,20.7, 
212,Hastings Tract East,Sacramento Valley,176,0.41, ,0.0, ,324, ,1.8,2020-06-25,02:00,232, ,31.4, ,40.0, ,16.2, ,5.6, , ,21.0, 
212,Hastings Tract East,Sacramento Valley,176,0.28, ,0.0, ,127, ,1.7,2020-06-25,03:00,231, ,28.4, ,44.0, ,15.1, ,6.1, , ,21.2, 
212,Hastings Tract East,Sacramento Valley,176,0.11, ,0.0, ,8, ,1.7,2020-06-25,04:00,235, ,25.2, ,52.0, ,14.7, ,5.5, , ,21.3, 
212,Hastings Tract East,Sacramento Valley,176,0.09, ,0.0, ,0, ,1.5,2020-06-25,05:00,238, ,22.7, ,56.0, ,13.5, ,5.2, , ,21.3, 
212,Hastings Tract East,Sacramento Valley,176,0.08, ,0.0, ,0, ,1.5,2020-06-25,06:00,237, ,21.0, ,59.0, ,12.6, ,5.5, , ,21.2, 
212,Hastings Tract East,Sacramento Valley,176,0.07, ,0.0, ,0, ,1.5,2020-06-25,07:00,243, ,19.9, ,63.0, ,12.8, ,5.7, , ,21.0, 
212,Hastings Tract East,Sacramento Valley,176,0.07, ,0.0, ,0, ,1.5,2020-06-25,08:00,240, ,19.5, ,65.0, ,12.7, ,6.0, , ,20.8, 
212,Hastings Tract East,Sacramento Valley,177,0.04, ,0.0, ,0, ,1.5,2020-06-25,09:00,236, ,18.6, ,69.0, ,12.8, ,6.2, , ,20.6, 
212,Hastings Tract East,Sacramento Valley,177,0.02, ,0.0, ,0, ,1.5,2020-06-25,10:00,241, ,17.6, ,74.0, ,13.0, ,5.3, , ,20.4, 
212,Hastings Tract East,Sacramento Valley,177,0.02, ,0.0, ,0, ,1.5,2020-06-25,11:00,243, ,16.8, ,76.0, ,12.5, ,5.0, , ,20.2, 
212,Hastings Tract East,Sacramento Valley,177,0.0, ,0.0, ,0, ,1.4,2020-06-25,12:00,244, ,15.5, ,81.0, ,12.2, ,5.1, , ,20.0, 
212,Hastings Tract East,Sacramento Valley,177,0.0, ,0.0, ,3, ,1.4,2020-06-25,13:00,247, ,14.9, ,84.0, ,12.3, ,5.3, , ,19.8, 
212,Hastings Tract East,Sacramento Valley,177,0.05, ,0.0, ,89, ,1.4,2020-06-25,14:00,242, ,15.1, ,83.0, ,12.2, ,5.5, , ,19.6, 
212,Hastings Tract East,Sacramento Valley,177,0.2, ,0.0, ,265, ,1.5,2020-06-25,15:00,246, ,17.0, ,75.0, ,12.6, ,5.3, , ,19.4, 
212,Hastings Tract East,Sacramento Valley,177,0.35, ,0.0, ,467, ,1.5,2020-06-25,16:00,247, ,19.6, ,67.0, ,13.2, ,5.1, , ,19.2, 
212,Hastings Tract East,Sacramento Valley,177,0.5, ,0.0, ,648, ,1.6,2020-06-25,17:00,243, ,22.6, ,58.0, ,14.0, ,4.2, , ,19.0, 
212,Hastings Tract East,Sacramento Valley,177,0.62, ,0.0, ,793, ,1.7,2020-06-25,18:00,246, ,25.6, ,52.0, ,14.9, ,3.8, , ,19.0, 
212,Hastings Tract East,Sacramento Valley,177,0.75, ,0.0, ,899, ,1.8,2020-06-25,19:00,239, ,28.8, ,45.0, ,15.9, ,3.7, , ,19.1, 
212,Hastings Tract East,Sacramento Valley,177,0.81, ,0.0, ,957, ,1.9,2020-06-25,20:00,240, ,31.1, ,41.0, ,16.3, ,3.3, , ,19.2, 
212,Hastings Tract East,Sacramento Valley,177,0.84, ,0.0, ,962, ,1.9,2020-06-25,21:00,253, ,32.1, ,40.0, ,16.7, ,3.8, , ,19.5, 
212,Hastings Tract East,Sacramento Valley,177,0.84, ,0.0, ,919, ,1.9,2020-06-25,22:00,247, ,32.5, ,38.0, ,16.5, ,4.4, , ,19.9, 
212,Hastings Tract East,Sacramento Valley,177,0.82, ,0.0, ,829, ,1.9,2020-06-25,23:00,243, ,33.1, ,37.0, ,16.4, ,5.8, , ,20.3, 
212,Hastings Tract East,Sacramento Valley,177,0.76, ,0.0, ,695, ,1.8,2020-06-26,00:00,238, ,32.2, ,38.0, ,16.0, ,7.0, , ,20.8, 
212,Hastings Tract East,Sacramento Valley,177,0.6, ,0.0, ,524, ,1.7,2020-06-26,01:00,235, ,30.4, ,40.0, ,15.3, ,7.2, , ,21.2, 
212,Hastings Tract East,Sacramento Valley,177,0.44, ,0.0, ,327, ,1.7,2020-06-26,02:00,232, ,28.2, ,44.0, ,14.7, ,7.4, , ,21.4, 
212,Hastings Tract East,Sacramento Valley,177,0.27, ,0.0, ,135, ,1.6,2020-06-26,03:00,229, ,25.7, ,49.0, ,14.3, ,6.8, , ,21.6, 
212,Hastings Tract East,Sacramento Valley,177,0.12, ,0.0, ,15, ,1.6,2020-06-26,04:00,234, ,22.9, ,56.0, ,13.7, ,6.6, , ,21.6, 
212,Hastings Tract East,Sacramento Valley,177,0.09, ,0.0, ,0, ,1.5,2020-06-26,05:00,231, ,21.3, ,61.0, ,13.4, ,6.9, , ,21.5, 
212,Hastings Tract East,Sacramento Valley,177,0.07, ,0.0, ,0, ,1.5,2020-06-26,06:00,234, ,20.0, ,64.0, ,13.1, ,6.7, , ,21.4, 
212,Hastings Tract East,Sacramento Valley,177,0.07, ,0.0, ,0, ,1.5,2020-06-26,07:00,241, ,19.4, ,65.0, ,12.7, ,6.8, , ,21.2, 
212,Hastings Tract East,Sacramento Valley,177,0.06, ,0.0, ,0, ,1.5,2020-06-26,08:00,241, ,18.5, ,68.0, ,12.5, ,7.0, , ,20.9, 
212,Hastings Tract East,Sacramento Valley,178,0.05, ,0.0, ,0, ,1.5,2020-06-26,09:00,241, ,18.0, ,71.0, ,12.6, ,7.3, , ,20.7, 
212,Hastings Tract East,Sacramento Valley,178,0.04, ,0.0, ,0, ,1.5,2020-06-26,10:00,239, ,17.3, ,74.0, ,12.6, ,7.2, , ,20.5, 
212,Hastings Tract East,Sacramento Valley,178,0.01, ,0.0, ,0, ,1.5,2020-06-26,11:00,234, ,15.9, ,82.0, ,12.8, ,6.4, , ,20.2, 
212,Hastings Tract East,Sacramento Valley,178,0.0, ,0.0, ,0, ,1.5,2020-06-26,12:00,237, ,15.5, ,84.0, ,12.8, ,5.8, , ,20.0, 
212,Hastings Tract East,Sacramento Valley,178,0.0, ,0.0, ,4, ,1.5,2020-06-26,13:00,237, ,14.9, ,87.0, ,12.8, ,5.9, , ,19.8, 
212,Hastings Tract East,Sacramento Valley,178,0.05, ,0.0, ,86, ,1.5,2020-06-26,14:00,239, ,15.1, ,86.0, ,12.8, ,6.0, , ,19.6, 
212,Hastings Tract East,Sacramento Valley,178,0.19, ,0.0, ,261, ,1.5,2020-06-26,15:00,242, ,17.0, ,78.0, ,13.2, ,5.7, , ,19.4, 
212,Hastings Tract East,Sacramento Valley,178,0.35, ,0.0, ,454, ,1.5,2020-06-26,16:00,247, ,19.8, ,67.0, ,13.4, ,5.5, , ,19.2, 
212,Hastings Tract East,Sacramento Valley,178,0.5, ,0.0, ,641, ,1.6,2020-06-26,17:00,256, ,22.7, ,59.0, ,14.3, ,4.7, , ,19.1, 
212,Hastings Tract East,Sacramento Valley,178,0.62, ,0.0, ,787, ,1.7,2020-06-26,18:00,253, ,25.0, ,55.0, ,15.2, ,4.0, , ,19.1, 
212,Hastings Tract East,Sacramento Valley,178,0.74, ,0.0, ,895, ,1.8,2020-06-26,19:00,240, ,27.8, ,48.0, ,15.9, ,4.2, , ,19.2, 
212,Hastings Tract East,Sacramento Valley,178,0.84, ,0.0, ,954, ,1.9,2020-06-26,20:00,232, ,30.7, ,44.0, ,16.8, ,4.4, , ,19.4, 
212,Hastings Tract East,Sacramento Valley,178,0.86, ,0.0, ,964, ,2.0,2020-06-26,21:00,240, ,32.6, ,41.0, ,17.5, ,4.2, , ,19.7, 
212,Hastings Tract East,Sacramento Valley,178,0.88, ,0.0, ,926, ,2.0,2020-06-26,22:00,238, ,33.4, ,39.0, ,17.4, ,5.4, , ,20.1, 
212,Hastings Tract East,Sacramento Valley,178,0.86, ,0.0, ,838, ,1.9,2020-06-26,23:00,241, ,33.3, ,37.0, ,16.5, ,6.8, , ,20.6, 
212,Hastings Tract East,Sacramento Valley,178,0.75, ,0.0, ,705, ,1.8,2020-06-27,00:00,236, ,32.2, ,38.0, ,16.0, ,7.5, , ,21.1, 
212,Hastings Tract East,Sacramento Valley,178,0.62, ,0.0, ,531, ,1.8,2020-06-27,01:00,234, ,30.6, ,41.0, ,15.7, ,7.8, , ,21.5, 
212,Hastings Tract East,Sacramento Valley,178,0.47, ,0.0, ,333, ,1.7,2020-06-27,02:00,235, ,28.0, ,45.0, ,15.0, ,8.8, , ,21.8, 
212,Hastings Tract East,Sacramento Valley,178,0.3, ,0.0, ,142, ,1.6,2020-06-27,03:00,237, ,25.1, ,51.0, ,14.2, ,8.3, , ,22.0, 
212,Hastings Tract East,Sacramento Valley,178,0.12, ,0.0, ,15, ,1.6,2020-06-27,04:00,233, ,22.7, ,57.0, ,13.8, ,7.3, , ,22.0, 
212,Hastings Tract East,Sacramento Valley,178,0.09, ,0.0, ,0, ,1.5,2020-06-27,05:00,232, ,21.0, ,61.0, ,13.3, ,7.2, , ,21.9, 
212,Hastings Tract East,Sacramento Valley,178,0.06, ,0.0, ,0, ,1.5,2020-06-27,06:00,235, ,19.1, ,68.0, ,13.1, ,6.6, , ,21.7, 
212,Hastings Tract East,Sacramento Valley,178,0.03, ,0.0, ,0, ,1.5,2020-06-27,07:00,231, ,17.1, ,78.0, ,13.2, ,6.7, , ,21.5, 
212,Hastings Tract East,Sacramento Valley,178,0.02, ,0.0, ,0, ,1.5,2020-06-27,08:00,235, ,16.5, ,79.0, ,12.9, ,6.5, , ,21.2, 
212,Hastings Tract East,Sacramento Valley,179,0.01, ,0.0, ,0, ,1.5,2020-06-27,09:00,236, ,16.0, ,82.0, ,12.9, ,6.5, , ,21.0, 
212,Hastings Tract East,Sacramento Valley,179,0.01, ,0.0, ,0, ,1.5,2020-06-27,10:00,240, ,15.8, ,82.0, ,12.8, ,6.6, , ,20.7, 
212,Hastings Tract East,Sacramento Valley,179,0.0, ,0.0, ,0, ,1.5,2020-06-27,11:00,238, ,15.5, ,84.0, ,12.7, ,7.0, , ,20.4, 
212,Hastings Tract East,Sacramento Valley,179,0.0, ,0.0, ,0, ,1.5,2020-06-27,12:00,232, ,15.0, ,86.0, ,12.6, ,7.3, , ,20.2, 
212,Hastings Tract East,Sacramento Valley,179,0.0, ,0.0, ,4, ,1.5,2020-06-27,13:00,233, ,14.4, ,89.0, ,12.6, ,7.2, , ,19.9, 
212,Hastings Tract East,Sacramento Valley,179,0.05, ,0.0, ,90, ,1.5,2020-06-27,14:00,232, ,14.8, ,87.0, ,12.7, ,7.5, , ,19.7, 
212,Hastings Tract East,Sacramento Valley,179,0.22, ,0.0, ,276, ,1.5,2020-06-27,15:00,229, ,16.5, ,78.0, ,12.7, ,8.4, , ,19.5, 
212,Hastings Tract East,Sacramento Valley,179,0.36, ,0.0, ,482, ,1.5,2020-06-27,16:00,216, ,18.1, ,71.0, ,12.8, ,7.8, , ,19.3, 
212,Hastings Tract East,Sacramento Valley,179,0.5, ,0.0, ,663, ,1.5,2020-06-27,17:00,224, ,20.3, ,63.0, ,13.1, ,7.1, , ,19.2, 
212,Hastings Tract East,Sacramento Valley,179,0.65, ,0.0, ,813, ,1.6,2020-06-27,18:00,232, ,22.7, ,56.0, ,13.6, ,6.6, , ,19.1, 
212,Hastings Tract East,Sacramento Valley,179,0.76, ,0.0, ,919, ,1.6,2020-06-27,19:00,234, ,24.3, ,52.0, ,13.7, ,6.2, , ,19.2, 
212,Hastings Tract East,Sacramento Valley,179,0.84, ,0.0, ,986, ,1.6,2020-06-27,20:00,232, ,25.4, ,50.0, ,14.1, ,6.6, , ,19.3, 
212,Hastings Tract East,Sacramento Valley,179,0.88, ,0.0, ,995, ,1.6,2020-06-27,21:00,228, ,25.9, ,48.0, ,14.1, ,7.5, , ,19.6, 
212,Hastings Tract East,Sacramento Valley,179,0.87, ,0.0, ,955, ,1.6,2020-06-27,22:00,227, ,26.1, ,47.0, ,14.0, ,8.1, , ,19.9, 
212,Hastings Tract East,Sacramento Valley,179,0.82, ,0.0, ,873, ,1.6,2020-06-27,23:00,223, ,26.9, ,46.0, ,14.2, ,7.8, , ,20.2, 
212,Hastings Tract East,Sacramento Valley,179,0.68, ,0.0, ,718, ,1.6,2020-06-28,00:00,234, ,26.8, ,46.0, ,14.0, ,7.5, , ,20.6, 
212,Hastings Tract East,Sacramento Valley,179,0.56, ,0.0, ,527, ,1.5,2020-06-28,01:00,238, ,25.4, ,48.0, ,13.4, ,8.3, , ,20.9, 
212,Hastings Tract East,Sacramento Valley,179,0.37, ,0.0, ,284, ,1.5,2020-06-28,02:00,241, ,22.8, ,53.0, ,12.8, ,8.6, , ,21.2, 
212,Hastings Tract East,Sacramento Valley,179,0.22, ,0.0, ,100, ,1.4,2020-06-28,03:00,225, ,20.2, ,59.0, ,12.0, ,8.6, , ,21.3, 
212,Hastings Tract East,Sacramento Valley,179,0.08, ,0.0, ,7, ,1.4,2020-06-28,04:00,229, ,17.8, ,68.0, ,11.7, ,7.3, , ,21.2, 
212,Hastings Tract East,Sacramento Valley,179,0.05, ,0.0, ,0, ,1.4,2020-06-28,05:00,236, ,16.2, ,73.0, ,11.4, ,7.3, , ,21.0, 
212,Hastings Tract East,Sacramento Valley,179,0.04, ,0.0, ,0, ,1.3,2020-06-28,06:00,243, ,15.1, ,77.0, ,11.2, ,7.6, , ,20.8, 
212,Hastings Tract East,Sacramento Valley,179,0.02, ,0.0, ,0, ,1.3,2020-06-28,07:00,230, ,14.5, ,80.0, ,11.0, ,5.4, , ,20.5, 
212,Hastings Tract East,Sacramento Valley,179,0.03, ,0.0, ,0, ,1.3,2020-06-28,08:00,238, ,14.4, ,79.0, ,10.7, ,7.0, , ,20.2, 
212,Hastings Tract East,Sacramento Valley,180,0.03, ,0.0, ,0, ,1.3,2020-06-28,09:00,240, ,14.3, ,77.0, ,10.3, ,8.2, , ,19.9, 
212,Hastings Tract East,Sacramento Valley,180,0.02, ,0.0, ,0, ,1.2,2020-06-28,10:00,228, ,13.9, ,78.0, ,10.1, ,5.4, , ,19.7, 
212,Hastings Tract East,Sacramento Valley,180,0.01, ,0.0, ,0, ,1.2,2020-06-28,11:00,224, ,13.4, ,81.0, ,10.1, ,4.8, , ,19.4, 
212,Hastings Tract East,Sacramento Valley,180,0.01, ,0.0, ,0, ,1.2,2020-06-28,12:00,216, ,13.2, ,79.0, ,9.7, ,4.3, , ,19.2, 
212,Hastings Tract East,Sacramento Valley,180,0.01, ,0.0, ,3, ,1.2,2020-06-28,13:00,231, ,13.2, ,80.0, ,9.9, ,4.9, , ,18.9, 
212,Hastings Tract East,Sacramento Valley,180,0.05, ,0.0, ,75, ,1.2,2020-06-28,14:00,223, ,13.6, ,79.0, ,10.0, ,4.8, , ,18.7, 
212,Hastings Tract East,Sacramento Valley,180,0.19, ,0.0, ,241, ,1.2,2020-06-28,15:00,227, ,15.2, ,72.0, ,10.1, ,5.8, , ,18.5, 
212,Hastings Tract East,Sacramento Valley,180,0.34, ,0.0, ,436, ,1.3,2020-06-28,16:00,230, ,17.2, ,64.0, ,10.4, ,6.5, , ,18.4, 
212,Hastings Tract East,Sacramento Valley,180,0.51, ,0.0, ,649, ,1.2,2020-06-28,17:00,230, ,18.9, ,57.0, ,10.2, ,6.7, , ,18.3, 
212,Hastings Tract East,Sacramento Valley,180,0.63, ,0.0, ,807, ,1.3,2020-06-28,18:00,227, ,20.6, ,52.0, ,10.5, ,6.6, , ,18.3, 
212,Hastings Tract East,Sacramento Valley,180,0.75, ,0.0, ,916, ,1.3,2020-06-28,19:00,228, ,22.4, ,46.0, ,10.3, ,6.3, , ,18.4, 
212,Hastings Tract East,Sacramento Valley,180,0.82, ,0.0, ,972, ,1.2,2020-06-28,20:00,224, ,23.7, ,42.0, ,10.1, ,6.1, , ,18.5, 
212,Hastings Tract East,Sacramento Valley,180,0.86, ,0.0, ,979, ,1.2,2020-06-28,21:00,228, ,25.0, ,39.0, ,9.9, ,6.6, , ,18.7, 
212,Hastings Tract East,Sacramento Valley,180,0.84, ,0.0, ,938, ,1.2,2020-06-28,22:00,227, ,25.5, ,37.0, ,9.7, ,6.7, , ,19.1, 
212,Hastings Tract East,Sacramento Valley,180,0.78, ,0.0, ,855, ,1.2,2020-06-28,23:00,228, ,25.6, ,36.0, ,9.2, ,6.6, , ,19.5, 
212,Hastings Tract East,Sacramento Valley,180,0.66, ,0.0, ,717, ,1.2,2020-06-29,00:00,232, ,25.1, ,36.0, ,9.2, ,6.6, , ,19.9, 
212,Hastings Tract East,Sacramento Valley,180,0.52, ,0.0, ,537, ,1.2,2020-06-29,01:00,226, ,24.5, ,39.0, ,9.5, ,6.1, , ,20.2, 
212,Hastings Tract East,Sacramento Valley,180,0.36, ,0.0, ,328, ,1.2,2020-06-29,02:00,232, ,23.1, ,42.0, ,9.4, ,5.7, , ,20.5, 
212,Hastings Tract East,Sacramento Valley,180,0.22, ,0.0, ,134, ,1.2,2020-06-29,03:00,229, ,21.0, ,46.0, ,9.1, ,5.7, , ,20.6, 
212,Hastings Tract East,Sacramento Valley,180,0.08, ,0.0, ,14, ,1.2,2020-06-29,04:00,234, ,18.4, ,55.0, ,9.2, ,5.1, , ,20.6, 
212,Hastings Tract East,Sacramento Valley,180,0.05, ,0.0, ,0, ,1.2,2020-06-29,05:00,237, ,16.7, ,62.0, ,9.4, ,4.9, , ,20.5, 
212,Hastings Tract East,Sacramento Valley,180,0.04, ,0.0, ,0, ,1.2,2020-06-29,06:00,239, ,16.0, ,65.0, ,9.5, ,4.8, , ,20.3, 
212,Hastings Tract East,Sacramento Valley,180,0.02, ,0.0, ,0, ,1.2,2020-06-29,07:00,240, ,15.2, ,72.0, ,10.2, ,4.2, , ,20.1, 
212,Hastings Tract East,Sacramento Valley,180,0.01, ,0.0, ,0, ,1.3,2020-06-29,08:00,245, ,14.7, ,75.0, ,10.4, ,3.8, , ,19.8, 
212,Hastings Tract East,Sacramento Valley,181,0.0, ,0.0, ,0, ,1.3,2020-06-29,09:00,245, ,14.3, ,79.0, ,10.6, ,3.5, , ,19.6, 
212,Hastings Tract East,Sacramento Valley,181,0.0, ,0.0, ,0, ,1.2,2020-06-29,10:00,249, ,14.2, ,74.0, ,9.5, ,3.1, , ,19.4, 
212,Hastings Tract East,Sacramento Valley,181,0.02, ,0.0, ,0, ,0.9,2020-06-29,11:00,288, ,16.5, ,51.0, ,6.2, ,1.8, , ,19.2, 
212,Hastings Tract East,Sacramento Valley,181,0.02, ,0.0, ,0, ,0.9,2020-06-29,12:00,289, ,16.4, ,50.0, ,5.9, ,2.1, , ,19.0, 
212,Hastings Tract East,Sacramento Valley,181,0.03, ,0.0, ,4, ,0.9,2020-06-29,13:00,296, ,16.9, ,48.0, ,5.9, ,2.2, , ,18.8, 
212,Hastings Tract East,Sacramento Valley,181,0.08, ,0.0, ,96, ,0.9,2020-06-29,14:00,311, ,18.7, ,42.0, ,5.6, ,2.6, , ,18.6, 
212,Hastings Tract East,Sacramento Valley,181,0.25, ,0.0, ,280, ,0.9,2020-06-29,15:00,323, ,20.5, ,39.0, ,6.2, ,3.5, , ,18.5, 
212,Hastings Tract East,Sacramento Valley,181,0.39, ,0.0, ,486, ,1.0,2020-06-29,16:00,322, ,22.2, ,36.0, ,6.6, ,3.7, , ,18.4, 
212,Hastings Tract East,Sacramento Valley,181,0.52, ,0.0, ,670, ,1.0,2020-06-29,17:00,323, ,23.6, ,35.0, ,7.3, ,3.6, , ,18.4, 
212,Hastings Tract East,Sacramento Valley,181,0.68, ,0.0, ,824, ,1.0,2020-06-29,18:00,335, ,25.4, ,31.0, ,6.9, ,4.0, , ,18.5, 
212,Hastings Tract East,Sacramento Valley,181,0.81, ,0.0, ,934, ,1.0,2020-06-29,19:00,344, ,27.0, ,28.0, ,6.7, ,4.6, , ,18.6, 
212,Hastings Tract East,Sacramento Valley,181,0.84, ,0.0, ,991, ,1.0,2020-06-29,20:00,342, ,28.0, ,26.0, ,6.8, ,3.7, , ,18.8, 
212,Hastings Tract East,Sacramento Valley,181,0.84, ,0.0, ,1003, ,1.0,2020-06-29,21:00,323, ,28.6, ,25.0, ,6.6, ,3.2, , ,19.1, 
212,Hastings Tract East,Sacramento Valley,181,0.82, ,0.0, ,964, ,0.9,2020-06-29,22:00,338, ,30.1, ,22.0, ,5.7, ,3.1, , ,19.4, 
212,Hastings Tract East,Sacramento Valley,181,0.77, ,0.0, ,868, ,0.9,2020-06-29,23:00,349, ,31.2, ,19.0, ,4.8, ,3.4, , ,19.9, 
212,Hastings Tract East,Sacramento Valley,181,0.63, ,0.0, ,732, ,0.8,2020-06-30,00:00,350, ,31.9, ,18.0, ,4.5, ,2.9, , ,20.5, 
212,Hastings Tract East,Sacramento Valley,181,0.48, ,0.0, ,550, ,1.0,2020-06-30,01:00,261, ,30.7, ,23.0, ,7.1, ,3.2, , ,20.9, 
212,Hastings Tract East,Sacramento Valley,181,0.41, ,0.0, ,344, ,1.1,2020-06-30,02:00,247, ,27.5, ,31.0, ,8.7, ,5.4, , ,21.3, 
212,Hastings Tract East,Sacramento Valley,181,0.23, ,0.0, ,149, ,1.1,2020-06-30,03:00,241, ,25.1, ,35.0, ,8.4, ,4.2, , ,21.5, 
212,Hastings Tract East,Sacramento Valley,181,0.1, ,0.0, ,17, ,1.0,2020-06-30,04:00,228, ,22.5, ,38.0, ,7.4, ,3.4, , ,21.6, 
212,Hastings Tract East,Sacramento Valley,181,0.07, ,0.0, ,0, ,1.0,2020-06-30,05:00,230, ,20.3, ,43.0, ,7.4, ,3.5, , ,21.5, 
212,Hastings Tract East,Sacramento Valley,181,0.07, ,0.0, ,0, ,1.1,2020-06-30,06:00,236, ,19.6, ,47.0, ,7.9, ,3.7, , ,21.3, 
212,Hastings Tract East,Sacramento Valley,181,0.05, ,0.0, ,0, ,1.1,2020-06-30,07:00,237, ,19.1, ,49.0, ,8.0, ,3.2, , ,21.1, 
212,Hastings Tract East,Sacramento Valley,181,0.05, ,0.0, ,0, ,1.1,2020-06-30,08:00,244, ,18.0, ,53.0, ,8.3, ,3.4, , ,20.8, 
212,Hastings Tract East,Sacramento Valley,182,0.03, ,0.0, ,0, ,1.1,2020-06-30,09:00,245, ,16.9, ,58.0, ,8.7, ,3.4, , ,20.6, 
212,Hastings Tract East,Sacramento Valley,182,0.02, ,0.0, ,0, ,1.1,2020-06-30,10:00,247, ,16.2, ,62.0, ,8.9, ,3.3, , ,20.4, 
212,Hastings Tract East,Sacramento Valley,182,0.01, ,0.0, ,0, ,1.2,2020-06-30,11:00,247, ,15.2, ,70.0, ,9.8, ,3.4, , ,20.1, 
212,Hastings Tract East,Sacramento Valley,182,0.01, ,0.0, ,0, ,1.2,2020-06-30,12:00,244, ,15.8, ,67.0, ,9.8, ,3.2, , ,19.9, 
212,Hastings Tract East,Sacramento Valley,182,0.0, ,0.0, ,4, ,1.2,2020-06-30,13:00,250, ,15.1, ,72.0, ,10.0, ,2.4, , ,19.7, 
212,Hastings Tract East,Sacramento Valley,182,0.04, ,0.0, ,92, ,1.3,2020-06-30,14:00,234, ,16.3, ,68.0, ,10.5, ,2.1, , ,19.5, 
212,Hastings Tract East,Sacramento Valley,182,0.22, ,0.0, ,271, ,1.3,2020-06-30,15:00,221, ,19.8, ,56.0, ,10.7, ,3.1, , ,19.3, 
212,Hastings Tract East,Sacramento Valley,182,0.38, ,0.0, ,475, ,1.3,2020-06-30,16:00,241, ,22.9, ,46.0, ,10.8, ,3.7, , ,19.2, 
212,Hastings Tract East,Sacramento Valley,182,0.49, ,0.0, ,658, ,1.3,2020-06-30,17:00,252, ,25.5, ,39.0, ,10.6, ,2.6, , ,19.1, 
212,Hastings Tract East,Sacramento Valley,182,0.62, ,0.0, ,803, ,1.3,2020-06-30,18:00,310, ,27.6, ,34.0, ,10.5, ,2.1, , ,19.2, 
212,Hastings Tract East,Sacramento Valley,182,0.72, ,0.0, ,913, ,1.3,2020-06-30,19:00,315, ,28.9, ,33.0, ,10.9, ,2.0, , ,19.4, 
212,Hastings Tract East,Sacramento Valley,182,0.78, ,0.0, ,967, ,1.3,2020-06-30,20:00,350, ,30.7, ,30.0, ,10.9, ,1.9, , ,19.6, 
212,Hastings Tract East,Sacramento Valley,182,0.79, ,0.0, ,974, ,1.3,2020-06-30,21:00,3, ,31.9, ,28.0, ,11.1, ,1.8, , ,20.0, 
212,Hastings Tract East,Sacramento Valley,182,0.8, ,0.0, ,937, ,1.2,2020-06-30,22:00,226, ,32.7, ,25.0, ,10.0, ,2.5, , ,20.4, 
212,Hastings Tract East,Sacramento Valley,182,0.79, ,0.0, ,813, ,1.2,2020-06-30,23:00,238, ,32.7, ,24.0, ,9.7, ,4.1, , ,20.9, 
